filename,fileno,identity,age,gender,type,10638_LuiseRainer_26_f.jpg_accuracy
10638_LuiseRainer_26_f.jpg,10638,LuiseRainer,26,f.jpg,accuracy,1
10645_LuiseRainer_27_f.jpg,10645,LuiseRainer,27,f.jpg,accuracy,1
10666_LuiseRainer_28_f.jpg,10666,LuiseRainer,28,f.jpg,accuracy,1
10674_LuiseRainer_27_f.jpg,10674,LuiseRainer,27,f.jpg,accuracy,0
10686_LuiseRainer_46_f.jpg,10686,LuiseRainer,46,f.jpg,accuracy,1
10671_LuiseRainer_74_f.jpg,10671,LuiseRainer,74,f.jpg,accuracy,1
10752_OrnellaMuti_15_f.jpg,10752,OrnellaMuti,15,f.jpg,accuracy,1
10757_OrnellaMuti_21_f.jpg,10757,OrnellaMuti,21,f.jpg,accuracy,1
10762_OrnellaMuti_26_f.jpg,10762,OrnellaMuti,26,f.jpg,accuracy,1
10765_OrnellaMuti_29_f.jpg,10765,OrnellaMuti,29,f.jpg,accuracy,1
10785_OrnellaMuti_51_f.jpg,10785,OrnellaMuti,51,f.jpg,accuracy,1
10789_OrnellaMuti_55_f.jpg,10789,OrnellaMuti,55,f.jpg,accuracy,1
10791_OrnellaMuti_57_f.jpg,10791,OrnellaMuti,57,f.jpg,accuracy,1
11665_MireilleDarc_34_f.jpg,11665,MireilleDarc,34,f.jpg,accuracy,1
11669_MireilleDarc_38_f.jpg,11669,MireilleDarc,38,f.jpg,accuracy,1
11678_MireilleDarc_51_f.jpg,11678,MireilleDarc,51,f.jpg,accuracy,1
11679_MireilleDarc_54_f.jpg,11679,MireilleDarc,54,f.jpg,accuracy,1
11683_MireilleDarc_58_f.jpg,11683,MireilleDarc,58,f.jpg,accuracy,1
11847_BarbaraBouchet_25_f.jpg,11847,BarbaraBouchet,25,f.jpg,accuracy,1
11870_BarbaraBouchet_61_f.jpg,11870,BarbaraBouchet,61,f.jpg,accuracy,1
11876_BarbaraBouchet_68_f.jpg,11876,BarbaraBouchet,68,f.jpg,accuracy,1
11948_AngelaLansbury_20_f.jpg,11948,AngelaLansbury,20,f.jpg,accuracy,1
11959_AngelaLansbury_35_f.jpg,11959,AngelaLansbury,35,f.jpg,accuracy,1
11962_AngelaLansbury_41_f.jpg,11962,AngelaLansbury,41,f.jpg,accuracy,1
11964_AngelaLansbury_46_f.jpg,11964,AngelaLansbury,46,f.jpg,accuracy,1
11971_AngelaLansbury_60_f.jpg,11971,AngelaLansbury,60,f.jpg,accuracy,1
11977_AngelaLansbury_67_f.jpg,11977,AngelaLansbury,67,f.jpg,accuracy,1
11984_AngelaLansbury_80_f.jpg,11984,AngelaLansbury,80,f.jpg,accuracy,1
11989_AngelaLansbury_87_f.jpg,11989,AngelaLansbury,87,f.jpg,accuracy,1
12024_DebbieReynolds_24_f.jpg,12024,DebbieReynolds,24,f.jpg,accuracy,1
12045_DebbieReynolds_69_f.jpg,12045,DebbieReynolds,69,f.jpg,accuracy,1
12055_DebbieReynolds_78_f.jpg,12055,DebbieReynolds,78,f.jpg,accuracy,1
12092_EvaMarieSaint_30_f.jpg,12092,EvaMarieSaint,30,f.jpg,accuracy,1
12103_EvaMarieSaint_44_f.jpg,12103,EvaMarieSaint,44,f.jpg,accuracy,1
12115_EvaMarieSaint_73_f.jpg,12115,EvaMarieSaint,73,f.jpg,accuracy,1
12121_EvaMarieSaint_82_f.jpg,12121,EvaMarieSaint,82,f.jpg,accuracy,1
121_MickJagger_18_m.jpg,121,MickJagger,18,m.jpg,accuracy,1
2785_MickJagger_47_m.jpg,2785,MickJagger,47,m.jpg,accuracy,1
2792_MickJagger_63_m.jpg,2792,MickJagger,63,m.jpg,accuracy,1
2793_MickJagger_64_m.jpg,2793,MickJagger,64,m.jpg,accuracy,1
2794_MickJagger_66_m.jpg,2794,MickJagger,66,m.jpg,accuracy,1
12337_MyrnaLoy_20_f.jpg,12337,MyrnaLoy,20,f.jpg,accuracy,1
12376_MyrnaLoy_33_f.jpg,12376,MyrnaLoy,33,f.jpg,accuracy,1
12329_MyrnaLoy_51_f.jpg,12329,MyrnaLoy,51,f.jpg,accuracy,1
12330_MyrnaLoy_75_f.jpg,12330,MyrnaLoy,75,f.jpg,accuracy,1
12364_MyrnaLoy_67_f.jpg,12364,MyrnaLoy,67,f.jpg,accuracy,1
12425_AngieDickinson_47_f.jpg,12425,AngieDickinson,47,f.jpg,accuracy,1
12438_AngieDickinson_31_f.jpg,12438,AngieDickinson,31,f.jpg,accuracy,1
12445_AngieDickinson_42_f.jpg,12445,AngieDickinson,42,f.jpg,accuracy,1
12457_AngieDickinson_76_f.jpg,12457,AngieDickinson,76,f.jpg,accuracy,1
12607_FrancesDee_43_f.jpg,12607,FrancesDee,43,f.jpg,accuracy,0
12612_FrancesDee_83_f.jpg,12612,FrancesDee,83,f.jpg,accuracy,1
12613_FrancesDee_89_f.jpg,12613,FrancesDee,89,f.jpg,accuracy,1
13032_GeraldineChaplin_38_f.jpg,13032,GeraldineChaplin,38,f.jpg,accuracy,1
13041_GeraldineChaplin_52_f.jpg,13041,GeraldineChaplin,52,f.jpg,accuracy,0
13042_GeraldineChaplin_53_f.jpg,13042,GeraldineChaplin,53,f.jpg,accuracy,1
13052_GeraldineChaplin_66_f.jpg,13052,GeraldineChaplin,66,f.jpg,accuracy,1
13417_DanielleDarrieux_36_f.jpg,13417,DanielleDarrieux,36,f.jpg,accuracy,1
13419_DanielleDarrieux_38_f.jpg,13419,DanielleDarrieux,38,f.jpg,accuracy,1
13420_DanielleDarrieux_40_f.jpg,13420,DanielleDarrieux,40,f.jpg,accuracy,1
13436_DanielleDarrieux_64_f.jpg,13436,DanielleDarrieux,64,f.jpg,accuracy,1
13437_DanielleDarrieux_65_f.jpg,13437,DanielleDarrieux,65,f.jpg,accuracy,1
13522_HelenHayes_31_f.jpg,13522,HelenHayes,31,f.jpg,accuracy,1
13533_HelenHayes_23_f.jpg,13533,HelenHayes,23,f.jpg,accuracy,1
13537_HelenHayes_34_f.jpg,13537,HelenHayes,34,f.jpg,accuracy,1
13526_HelenHayes_52_f.jpg,13526,HelenHayes,52,f.jpg,accuracy,1
13539_HelenHayes_85_f.jpg,13539,HelenHayes,85,f.jpg,accuracy,1
13550_HelenHayes_78_f.jpg,13550,HelenHayes,78,f.jpg,accuracy,1
13554_HelenHayes_70_f.jpg,13554,HelenHayes,70,f.jpg,accuracy,1
14530_AudreyHepburn_24_f.jpg,14530,AudreyHepburn,24,f.jpg,accuracy,1
14531_AudreyHepburn_24_f.jpg,14531,AudreyHepburn,24,f.jpg,accuracy,1
14534_AudreyHepburn_25_f.jpg,14534,AudreyHepburn,25,f.jpg,accuracy,1
14537_AudreyHepburn_32_f.jpg,14537,AudreyHepburn,32,f.jpg,accuracy,1
14551_AudreyHepburn_36_f.jpg,14551,AudreyHepburn,36,f.jpg,accuracy,1
14520_AudreyHepburn_62_f.jpg,14520,AudreyHepburn,62,f.jpg,accuracy,1
15001_AnnMiller_15_f.jpg,15001,AnnMiller,15,f.jpg,accuracy,0
15003_AnnMiller_17_f.jpg,15003,AnnMiller,17,f.jpg,accuracy,0
15007_AnnMiller_21_f.jpg,15007,AnnMiller,21,f.jpg,accuracy,0
15022_AnnMiller_42_f.jpg,15022,AnnMiller,42,f.jpg,accuracy,1
15032_AnnMiller_60_f.jpg,15032,AnnMiller,60,f.jpg,accuracy,1
15260_DyanCannon_40_f.jpg,15260,DyanCannon,40,f.jpg,accuracy,1
15289_DyanCannon_32_f.jpg,15289,DyanCannon,32,f.jpg,accuracy,1
15276_DyanCannon_67_f.jpg,15276,DyanCannon,67,f.jpg,accuracy,1
15277_DyanCannon_68_f.jpg,15277,DyanCannon,68,f.jpg,accuracy,1
15279_DyanCannon_70_f.jpg,15279,DyanCannon,70,f.jpg,accuracy,1
15281_DyanCannon_72_f.jpg,15281,DyanCannon,72,f.jpg,accuracy,1
15283_DyanCannon_75_f.jpg,15283,DyanCannon,75,f.jpg,accuracy,1
15369_JanePowell_14_f.jpg,15369,JanePowell,14,f.jpg,accuracy,1
15388_JanePowell_38_f.jpg,15388,JanePowell,38,f.jpg,accuracy,1
15411_JanePowell_74_f.jpg,15411,JanePowell,74,f.jpg,accuracy,1
15414_JanePowell_77_f.jpg,15414,JanePowell,77,f.jpg,accuracy,1
15418_JanePowell_81_f.jpg,15418,JanePowell,81,f.jpg,accuracy,1
15468_JeanetteMacDonald_32_f.jpg,15468,JeanetteMacDonald,32,f.jpg,accuracy,1
15479_JeanetteMacDonald_39_f.jpg,15479,JeanetteMacDonald,39,f.jpg,accuracy,1
15484_JeanetteMacDonald_44_f.jpg,15484,JeanetteMacDonald,44,f.jpg,accuracy,1
15486_JeanetteMacDonald_46_f.jpg,15486,JeanetteMacDonald,46,f.jpg,accuracy,1
15502_JeanetteMacDonald_43_f.jpg,15502,JeanetteMacDonald,43,f.jpg,accuracy,1
15514_JeanetteMacDonald_59_f.jpg,15514,JeanetteMacDonald,59,f.jpg,accuracy,1
15576_KateOMara_20_f.jpg,15576,KateOMara,20,f.jpg,accuracy,1
15577_KateOMara_21_f.jpg,15577,KateOMara,21,f.jpg,accuracy,1
15585_KateOMara_29_f.jpg,15585,KateOMara,29,f.jpg,accuracy,1
15592_KateOMara_36_f.jpg,15592,KateOMara,36,f.jpg,accuracy,1
15599_KateOMara_43_f.jpg,15599,KateOMara,43,f.jpg,accuracy,1
15606_KateOMara_50_f.jpg,15606,KateOMara,50,f.jpg,accuracy,1
15608_KateOMara_52_f.jpg,15608,KateOMara,52,f.jpg,accuracy,1
15851_StВphaneAudran_22_f.jpg,15851,StВphaneAudran,22,f.jpg,accuracy,1
15869_StВphaneAudran_41_f.jpg,15869,StВphaneAudran,41,f.jpg,accuracy,1
15886_StВphaneAudran_62_f.jpg,15886,StВphaneAudran,62,f.jpg,accuracy,1
15888_StВphaneAudran_64_f.jpg,15888,StВphaneAudran,64,f.jpg,accuracy,1
15891_StВphaneAudran_69_f.jpg,15891,StВphaneAudran,69,f.jpg,accuracy,1
15892_StВphaneAudran_70_f.jpg,15892,StВphaneAudran,70,f.jpg,accuracy,1
1663_BobDylan_33_m.jpg,1663,BobDylan,33,m.jpg,accuracy,1
1686_BobDylan_72_m.jpg,1686,BobDylan,72,m.jpg,accuracy,1
1831_TomJones_23_m.jpg,1831,TomJones,23,m.jpg,accuracy,1
1837_TomJones_28_m.jpg,1837,TomJones,28,m.jpg,accuracy,1
9753_TomJones_24_f.jpg,9753,TomJones,24,f.jpg,accuracy,1
1852_TomJones_59_m.jpg,1852,TomJones,59,m.jpg,accuracy,1
1857_TomJones_64_m.jpg,1857,TomJones,64,m.jpg,accuracy,1
1859_TomJones_66_m.jpg,1859,TomJones,66,m.jpg,accuracy,1
1908_EdwardFox_34_m.jpg,1908,EdwardFox,34,m.jpg,accuracy,1
1924_EdwardFox_53_m.jpg,1924,EdwardFox,53,m.jpg,accuracy,1
1930_EdwardFox_63_m.jpg,1930,EdwardFox,63,m.jpg,accuracy,1
1939_EdwardFox_76_m.jpg,1939,EdwardFox,76,m.jpg,accuracy,1
1981_JamesCaan_27_m.jpg,1981,JamesCaan,27,m.jpg,accuracy,1
1988_JamesCaan_32_m.jpg,1988,JamesCaan,32,m.jpg,accuracy,1
2008_JamesCaan_59_m.jpg,2008,JamesCaan,59,m.jpg,accuracy,1
2019_JamesCaan_73_m.jpg,2019,JamesCaan,73,m.jpg,accuracy,1
2055_JonVoight_36_m.jpg,2055,JonVoight,36,m.jpg,accuracy,1
2065_JonVoight_50_m.jpg,2065,JonVoight,50,m.jpg,accuracy,1
2073_JonVoight_60_m.jpg,2073,JonVoight,60,m.jpg,accuracy,1
2076_JonVoight_62_m.jpg,2076,JonVoight,62,m.jpg,accuracy,1
2077_JonVoight_64_m.jpg,2077,JonVoight,64,m.jpg,accuracy,1
2088_JonVoight_74_m.jpg,2088,JonVoight,74,m.jpg,accuracy,1
2097_MelBrooks_40_m.jpg,2097,MelBrooks,40,m.jpg,accuracy,1
2105_MelBrooks_52_m.jpg,2105,MelBrooks,52,m.jpg,accuracy,1
2121_MelBrooks_77_m.jpg,2121,MelBrooks,77,m.jpg,accuracy,1
2124_MelBrooks_80_m.jpg,2124,MelBrooks,80,m.jpg,accuracy,1
2709_KevinBacon_27_m.jpg,2709,KevinBacon,27,m.jpg,accuracy,1
2720_KevinBacon_37_m.jpg,2720,KevinBacon,37,m.jpg,accuracy,1
2732_KevinBacon_48_m.jpg,2732,KevinBacon,48,m.jpg,accuracy,1
2737_KevinBacon_52_m.jpg,2737,KevinBacon,52,m.jpg,accuracy,1
3556_MichaelYork_13_m.jpg,3556,MichaelYork,13,m.jpg,accuracy,0
3579_MichaelYork_50_m.jpg,3579,MichaelYork,50,m.jpg,accuracy,1
3581_MichaelYork_52_m.jpg,3581,MichaelYork,52,m.jpg,accuracy,1
3589_MichaelYork_61_m.jpg,3589,MichaelYork,61,m.jpg,accuracy,1
3591_MichaelYork_63_m.jpg,3591,MichaelYork,63,m.jpg,accuracy,1
3593_MichaelYork_65_m.jpg,3593,MichaelYork,65,m.jpg,accuracy,1
3596_MichaelYork_70_m.jpg,3596,MichaelYork,70,m.jpg,accuracy,1
4131_GenaRowlands_35_m.jpg,4131,GenaRowlands,35,m.jpg,accuracy,1
4138_GenaRowlands_48_m.jpg,4138,GenaRowlands,48,m.jpg,accuracy,1
4159_GenaRowlands_77_m.jpg,4159,GenaRowlands,77,m.jpg,accuracy,1
4736_MichelPiccoli_34_m.jpg,4736,MichelPiccoli,34,m.jpg,accuracy,1
4757_MichelPiccoli_51_m.jpg,4757,MichelPiccoli,51,m.jpg,accuracy,1
4885_RomanPolanski_33_m.jpg,4885,RomanPolanski,33,m.jpg,accuracy,1
4918_RomanPolanski_73_m.jpg,4918,RomanPolanski,73,m.jpg,accuracy,1
4921_RomanPolanski_76_m.jpg,4921,RomanPolanski,76,m.jpg,accuracy,1
4993_WarrenBeatty_23_m.jpg,4993,WarrenBeatty,23,m.jpg,accuracy,1
5028_WarrenBeatty_42_m.jpg,5028,WarrenBeatty,42,m.jpg,accuracy,1
5009_WarrenBeatty_57_m.jpg,5009,WarrenBeatty,57,m.jpg,accuracy,1
5023_WarrenBeatty_75_m.jpg,5023,WarrenBeatty,75,m.jpg,accuracy,1
5067_AnthonyHopkins_32_m.jpg,5067,AnthonyHopkins,32,m.jpg,accuracy,1
5079_AnthonyHopkins_54_m.jpg,5079,AnthonyHopkins,54,m.jpg,accuracy,1
5096_AnthonyHopkins_72_m.jpg,5096,AnthonyHopkins,72,m.jpg,accuracy,1
5109_AnthonyHopkins_76_m.jpg,5109,AnthonyHopkins,76,m.jpg,accuracy,1
5594_PeterFalk_39_m.jpg,5594,PeterFalk,39,m.jpg,accuracy,1
5601_PeterFalk_47_m.jpg,5601,PeterFalk,47,m.jpg,accuracy,1
5617_PeterFalk_68_m.jpg,5617,PeterFalk,68,m.jpg,accuracy,1
5621_PeterFalk_74_m.jpg,5621,PeterFalk,74,m.jpg,accuracy,1
5630_PeterFalk_83_m.jpg,5630,PeterFalk,83,m.jpg,accuracy,1
5770_BenGazzara_32_m.jpg,5770,BenGazzara,32,m.jpg,accuracy,1
5792_BenGazzara_73_m.jpg,5792,BenGazzara,73,m.jpg,accuracy,1
5849_HerbertLom_40_m.jpg,5849,HerbertLom,40,m.jpg,accuracy,1
5864_HerbertLom_61_m.jpg,5864,HerbertLom,61,m.jpg,accuracy,1
5876_HerbertLom_81_m.jpg,5876,HerbertLom,81,m.jpg,accuracy,1
5881_HerbertLom_93_m.jpg,5881,HerbertLom,93,m.jpg,accuracy,1
6230_DirkBogarde_29_m.jpg,6230,DirkBogarde,29,m.jpg,accuracy,1
6231_DirkBogarde_31_m.jpg,6231,DirkBogarde,31,m.jpg,accuracy,1
6245_DirkBogarde_42_m.jpg,6245,DirkBogarde,42,m.jpg,accuracy,1
6246_DirkBogarde_43_m.jpg,6246,DirkBogarde,43,m.jpg,accuracy,1
6255_DirkBogarde_56_m.jpg,6255,DirkBogarde,56,m.jpg,accuracy,1
6262_DirkBogarde_67_m.jpg,6262,DirkBogarde,67,m.jpg,accuracy,1
6472_JohnnyCash_10_m.jpg,6472,JohnnyCash,10,m.jpg,accuracy,1
6485_JohnnyCash_40_m.jpg,6485,JohnnyCash,40,m.jpg,accuracy,1
6494_JohnnyCash_29_m.jpg,6494,JohnnyCash,29,m.jpg,accuracy,1
6497_JohnnyCash_35_m.jpg,6497,JohnnyCash,35,m.jpg,accuracy,1
6493_JohnnyCash_69_m.jpg,6493,JohnnyCash,69,m.jpg,accuracy,1
6676_PeterGraves_34_m.jpg,6676,PeterGraves,34,m.jpg,accuracy,1
6681_PeterGraves_41_m.jpg,6681,PeterGraves,41,m.jpg,accuracy,1
6682_PeterGraves_43_m.jpg,6682,PeterGraves,43,m.jpg,accuracy,1
6700_PeterGraves_46_m.jpg,6700,PeterGraves,46,m.jpg,accuracy,1
6698_PeterGraves_82_m.jpg,6698,PeterGraves,82,m.jpg,accuracy,1
6703_PeterGraves_54_m.jpg,6703,PeterGraves,54,m.jpg,accuracy,1
6792_RoyScheider_39_m.jpg,6792,RoyScheider,39,m.jpg,accuracy,1
6806_RoyScheider_56_m.jpg,6806,RoyScheider,56,m.jpg,accuracy,1
6811_RoyScheider_65_m.jpg,6811,RoyScheider,65,m.jpg,accuracy,1
6992_ChristopherWalken_29_m.jpg,6992,ChristopherWalken,29,m.jpg,accuracy,1
7012_ChristopherWalken_50_m.jpg,7012,ChristopherWalken,50,m.jpg,accuracy,1
7016_ChristopherWalken_56_m.jpg,7016,ChristopherWalken,56,m.jpg,accuracy,1
7098_GladysCooper_15_m.jpg,7098,GladysCooper,15,m.jpg,accuracy,1
7121_GladysCooper_74_m.jpg,7121,GladysCooper,74,m.jpg,accuracy,1
7401_MickeyRooney_8_m.jpg,7401,MickeyRooney,8,m.jpg,accuracy,1
7402_MickeyRooney_10_m.jpg,7402,MickeyRooney,10,m.jpg,accuracy,1
7410_MickeyRooney_23_m.jpg,7410,MickeyRooney,23,m.jpg,accuracy,1
7416_MickeyRooney_33_m.jpg,7416,MickeyRooney,33,m.jpg,accuracy,1
7431_MickeyRooney_63_m.jpg,7431,MickeyRooney,63,m.jpg,accuracy,1
7436_MickeyRooney_77_m.jpg,7436,MickeyRooney,77,m.jpg,accuracy,1
7437_MickeyRooney_78_m.jpg,7437,MickeyRooney,78,m.jpg,accuracy,1
7764_AlbertoSordi_45_m.jpg,7764,AlbertoSordi,45,m.jpg,accuracy,1
7766_AlbertoSordi_50_m.jpg,7766,AlbertoSordi,50,m.jpg,accuracy,1
7779_AlbertoSordi_76_m.jpg,7779,AlbertoSordi,76,m.jpg,accuracy,1
8305_RichardCrenna_18_m.jpg,8305,RichardCrenna,18,m.jpg,accuracy,1
8308_RichardCrenna_28_m.jpg,8308,RichardCrenna,28,m.jpg,accuracy,1
8338_RichardCrenna_64_m.jpg,8338,RichardCrenna,64,m.jpg,accuracy,1
8825_ArnoldSchwarzenegger_32_m.jpg,8825,ArnoldSchwarzenegger,32,m.jpg,accuracy,0
8833_ArnoldSchwarzenegger_41_m.jpg,8833,ArnoldSchwarzenegger,41,m.jpg,accuracy,0
8843_ArnoldSchwarzenegger_54_m.jpg,8843,ArnoldSchwarzenegger,54,m.jpg,accuracy,1
8852_ArnoldSchwarzenegger_61_m.jpg,8852,ArnoldSchwarzenegger,61,m.jpg,accuracy,1
8945_FredMacMurray_24_m.jpg,8945,FredMacMurray,24,m.jpg,accuracy,1
8948_FredMacMurray_28_m.jpg,8948,FredMacMurray,28,m.jpg,accuracy,1
8950_FredMacMurray_31_m.jpg,8950,FredMacMurray,31,m.jpg,accuracy,1
8958_FredMacMurray_45_m.jpg,8958,FredMacMurray,45,m.jpg,accuracy,1
8964_FredMacMurray_51_m.jpg,8964,FredMacMurray,51,m.jpg,accuracy,1
9039_JeanClaudeVanDamme_24_m.jpg,9039,JeanClaudeVanDamme,24,m.jpg,accuracy,0
9048_JeanClaudeVanDamme_33_m.jpg,9048,JeanClaudeVanDamme,33,m.jpg,accuracy,1
9062_JeanClaudeVanDamme_44_m.jpg,9062,JeanClaudeVanDamme,44,m.jpg,accuracy,1
9066_JeanClaudeVanDamme_51_m.jpg,9066,JeanClaudeVanDamme,51,m.jpg,accuracy,0
9068_JeanClaudeVanDamme_52_m.jpg,9068,JeanClaudeVanDamme,52,m.jpg,accuracy,1
9079_JeanClaudeVanDamme_53_m.jpg,9079,JeanClaudeVanDamme,53,m.jpg,accuracy,1
9569_MarcelloMastroianni_27_m.jpg,9569,MarcelloMastroianni,27,m.jpg,accuracy,1
9570_MarcelloMastroianni_28_m.jpg,9570,MarcelloMastroianni,28,m.jpg,accuracy,1
9574_MarcelloMastroianni_32_m.jpg,9574,MarcelloMastroianni,32,m.jpg,accuracy,1
9579_MarcelloMastroianni_38_m.jpg,9579,MarcelloMastroianni,38,m.jpg,accuracy,1
9603_MarcelloMastroianni_66_m.jpg,9603,MarcelloMastroianni,66,m.jpg,accuracy,1
9716_DorisDay_30_f.jpg,9716,DorisDay,30,f.jpg,accuracy,1
9727_DorisDay_47_f.jpg,9727,DorisDay,47,f.jpg,accuracy,1
9737_DorisDay_65_f.jpg,9737,DorisDay,65,f.jpg,accuracy,1
9744_DorisDay_82_f.jpg,9744,DorisDay,82,f.jpg,accuracy,1
9745_DorisDay_57_f.jpg,9745,DorisDay,57,f.jpg,accuracy,1
10638_LuiseRainer_26_f.jpg,10638,LuiseRainer,26,f.jpg,recall,1
10645_LuiseRainer_27_f.jpg,10645,LuiseRainer,27,f.jpg,recall,1
10666_LuiseRainer_28_f.jpg,10666,LuiseRainer,28,f.jpg,recall,1
10674_LuiseRainer_27_f.jpg,10674,LuiseRainer,27,f.jpg,recall,0
10686_LuiseRainer_46_f.jpg,10686,LuiseRainer,46,f.jpg,recall,1
10671_LuiseRainer_74_f.jpg,10671,LuiseRainer,74,f.jpg,recall,1
10752_OrnellaMuti_15_f.jpg,10752,OrnellaMuti,15,f.jpg,recall,1
10757_OrnellaMuti_21_f.jpg,10757,OrnellaMuti,21,f.jpg,recall,1
10762_OrnellaMuti_26_f.jpg,10762,OrnellaMuti,26,f.jpg,recall,1
10765_OrnellaMuti_29_f.jpg,10765,OrnellaMuti,29,f.jpg,recall,1
10785_OrnellaMuti_51_f.jpg,10785,OrnellaMuti,51,f.jpg,recall,1
10789_OrnellaMuti_55_f.jpg,10789,OrnellaMuti,55,f.jpg,recall,1
10791_OrnellaMuti_57_f.jpg,10791,OrnellaMuti,57,f.jpg,recall,1
11665_MireilleDarc_34_f.jpg,11665,MireilleDarc,34,f.jpg,recall,1
11669_MireilleDarc_38_f.jpg,11669,MireilleDarc,38,f.jpg,recall,1
11678_MireilleDarc_51_f.jpg,11678,MireilleDarc,51,f.jpg,recall,1
11679_MireilleDarc_54_f.jpg,11679,MireilleDarc,54,f.jpg,recall,1
11683_MireilleDarc_58_f.jpg,11683,MireilleDarc,58,f.jpg,recall,1
11847_BarbaraBouchet_25_f.jpg,11847,BarbaraBouchet,25,f.jpg,recall,1
11870_BarbaraBouchet_61_f.jpg,11870,BarbaraBouchet,61,f.jpg,recall,1
11876_BarbaraBouchet_68_f.jpg,11876,BarbaraBouchet,68,f.jpg,recall,1
11948_AngelaLansbury_20_f.jpg,11948,AngelaLansbury,20,f.jpg,recall,1
11959_AngelaLansbury_35_f.jpg,11959,AngelaLansbury,35,f.jpg,recall,1
11962_AngelaLansbury_41_f.jpg,11962,AngelaLansbury,41,f.jpg,recall,1
11964_AngelaLansbury_46_f.jpg,11964,AngelaLansbury,46,f.jpg,recall,1
11971_AngelaLansbury_60_f.jpg,11971,AngelaLansbury,60,f.jpg,recall,1
11977_AngelaLansbury_67_f.jpg,11977,AngelaLansbury,67,f.jpg,recall,1
11984_AngelaLansbury_80_f.jpg,11984,AngelaLansbury,80,f.jpg,recall,1
11989_AngelaLansbury_87_f.jpg,11989,AngelaLansbury,87,f.jpg,recall,1
12024_DebbieReynolds_24_f.jpg,12024,DebbieReynolds,24,f.jpg,recall,1
12045_DebbieReynolds_69_f.jpg,12045,DebbieReynolds,69,f.jpg,recall,1
12055_DebbieReynolds_78_f.jpg,12055,DebbieReynolds,78,f.jpg,recall,1
12092_EvaMarieSaint_30_f.jpg,12092,EvaMarieSaint,30,f.jpg,recall,1
12103_EvaMarieSaint_44_f.jpg,12103,EvaMarieSaint,44,f.jpg,recall,1
12115_EvaMarieSaint_73_f.jpg,12115,EvaMarieSaint,73,f.jpg,recall,1
12121_EvaMarieSaint_82_f.jpg,12121,EvaMarieSaint,82,f.jpg,recall,1
121_MickJagger_18_m.jpg,121,MickJagger,18,m.jpg,recall,1
2785_MickJagger_47_m.jpg,2785,MickJagger,47,m.jpg,recall,1
2792_MickJagger_63_m.jpg,2792,MickJagger,63,m.jpg,recall,1
2793_MickJagger_64_m.jpg,2793,MickJagger,64,m.jpg,recall,1
2794_MickJagger_66_m.jpg,2794,MickJagger,66,m.jpg,recall,1
12337_MyrnaLoy_20_f.jpg,12337,MyrnaLoy,20,f.jpg,recall,1
12376_MyrnaLoy_33_f.jpg,12376,MyrnaLoy,33,f.jpg,recall,1
12329_MyrnaLoy_51_f.jpg,12329,MyrnaLoy,51,f.jpg,recall,1
12330_MyrnaLoy_75_f.jpg,12330,MyrnaLoy,75,f.jpg,recall,1
12364_MyrnaLoy_67_f.jpg,12364,MyrnaLoy,67,f.jpg,recall,1
12425_AngieDickinson_47_f.jpg,12425,AngieDickinson,47,f.jpg,recall,1
12438_AngieDickinson_31_f.jpg,12438,AngieDickinson,31,f.jpg,recall,1
12445_AngieDickinson_42_f.jpg,12445,AngieDickinson,42,f.jpg,recall,1
12457_AngieDickinson_76_f.jpg,12457,AngieDickinson,76,f.jpg,recall,1
12607_FrancesDee_43_f.jpg,12607,FrancesDee,43,f.jpg,recall,0
12612_FrancesDee_83_f.jpg,12612,FrancesDee,83,f.jpg,recall,1
12613_FrancesDee_89_f.jpg,12613,FrancesDee,89,f.jpg,recall,1
13032_GeraldineChaplin_38_f.jpg,13032,GeraldineChaplin,38,f.jpg,recall,1
13041_GeraldineChaplin_52_f.jpg,13041,GeraldineChaplin,52,f.jpg,recall,0
13042_GeraldineChaplin_53_f.jpg,13042,GeraldineChaplin,53,f.jpg,recall,1
13052_GeraldineChaplin_66_f.jpg,13052,GeraldineChaplin,66,f.jpg,recall,1
13417_DanielleDarrieux_36_f.jpg,13417,DanielleDarrieux,36,f.jpg,recall,1
13419_DanielleDarrieux_38_f.jpg,13419,DanielleDarrieux,38,f.jpg,recall,1
13420_DanielleDarrieux_40_f.jpg,13420,DanielleDarrieux,40,f.jpg,recall,1
13436_DanielleDarrieux_64_f.jpg,13436,DanielleDarrieux,64,f.jpg,recall,1
13437_DanielleDarrieux_65_f.jpg,13437,DanielleDarrieux,65,f.jpg,recall,1
13522_HelenHayes_31_f.jpg,13522,HelenHayes,31,f.jpg,recall,1
13533_HelenHayes_23_f.jpg,13533,HelenHayes,23,f.jpg,recall,1
13537_HelenHayes_34_f.jpg,13537,HelenHayes,34,f.jpg,recall,1
13526_HelenHayes_52_f.jpg,13526,HelenHayes,52,f.jpg,recall,1
13539_HelenHayes_85_f.jpg,13539,HelenHayes,85,f.jpg,recall,1
13550_HelenHayes_78_f.jpg,13550,HelenHayes,78,f.jpg,recall,1
13554_HelenHayes_70_f.jpg,13554,HelenHayes,70,f.jpg,recall,1
14530_AudreyHepburn_24_f.jpg,14530,AudreyHepburn,24,f.jpg,recall,1
14531_AudreyHepburn_24_f.jpg,14531,AudreyHepburn,24,f.jpg,recall,1
14534_AudreyHepburn_25_f.jpg,14534,AudreyHepburn,25,f.jpg,recall,1
14537_AudreyHepburn_32_f.jpg,14537,AudreyHepburn,32,f.jpg,recall,1
14551_AudreyHepburn_36_f.jpg,14551,AudreyHepburn,36,f.jpg,recall,1
14520_AudreyHepburn_62_f.jpg,14520,AudreyHepburn,62,f.jpg,recall,1
15001_AnnMiller_15_f.jpg,15001,AnnMiller,15,f.jpg,recall,0
15003_AnnMiller_17_f.jpg,15003,AnnMiller,17,f.jpg,recall,0
15007_AnnMiller_21_f.jpg,15007,AnnMiller,21,f.jpg,recall,0
15022_AnnMiller_42_f.jpg,15022,AnnMiller,42,f.jpg,recall,1
15032_AnnMiller_60_f.jpg,15032,AnnMiller,60,f.jpg,recall,1
15260_DyanCannon_40_f.jpg,15260,DyanCannon,40,f.jpg,recall,1
15289_DyanCannon_32_f.jpg,15289,DyanCannon,32,f.jpg,recall,1
15276_DyanCannon_67_f.jpg,15276,DyanCannon,67,f.jpg,recall,1
15277_DyanCannon_68_f.jpg,15277,DyanCannon,68,f.jpg,recall,1
15279_DyanCannon_70_f.jpg,15279,DyanCannon,70,f.jpg,recall,1
15281_DyanCannon_72_f.jpg,15281,DyanCannon,72,f.jpg,recall,1
15283_DyanCannon_75_f.jpg,15283,DyanCannon,75,f.jpg,recall,1
15369_JanePowell_14_f.jpg,15369,JanePowell,14,f.jpg,recall,1
15388_JanePowell_38_f.jpg,15388,JanePowell,38,f.jpg,recall,1
15411_JanePowell_74_f.jpg,15411,JanePowell,74,f.jpg,recall,1
15414_JanePowell_77_f.jpg,15414,JanePowell,77,f.jpg,recall,1
15418_JanePowell_81_f.jpg,15418,JanePowell,81,f.jpg,recall,1
15468_JeanetteMacDonald_32_f.jpg,15468,JeanetteMacDonald,32,f.jpg,recall,1
15479_JeanetteMacDonald_39_f.jpg,15479,JeanetteMacDonald,39,f.jpg,recall,1
15484_JeanetteMacDonald_44_f.jpg,15484,JeanetteMacDonald,44,f.jpg,recall,1
15486_JeanetteMacDonald_46_f.jpg,15486,JeanetteMacDonald,46,f.jpg,recall,1
15502_JeanetteMacDonald_43_f.jpg,15502,JeanetteMacDonald,43,f.jpg,recall,1
15514_JeanetteMacDonald_59_f.jpg,15514,JeanetteMacDonald,59,f.jpg,recall,1
15576_KateOMara_20_f.jpg,15576,KateOMara,20,f.jpg,recall,1
15577_KateOMara_21_f.jpg,15577,KateOMara,21,f.jpg,recall,1
15585_KateOMara_29_f.jpg,15585,KateOMara,29,f.jpg,recall,1
15592_KateOMara_36_f.jpg,15592,KateOMara,36,f.jpg,recall,1
15599_KateOMara_43_f.jpg,15599,KateOMara,43,f.jpg,recall,1
15606_KateOMara_50_f.jpg,15606,KateOMara,50,f.jpg,recall,1
15608_KateOMara_52_f.jpg,15608,KateOMara,52,f.jpg,recall,1
15851_StВphaneAudran_22_f.jpg,15851,StВphaneAudran,22,f.jpg,recall,1
15869_StВphaneAudran_41_f.jpg,15869,StВphaneAudran,41,f.jpg,recall,1
15886_StВphaneAudran_62_f.jpg,15886,StВphaneAudran,62,f.jpg,recall,1
15888_StВphaneAudran_64_f.jpg,15888,StВphaneAudran,64,f.jpg,recall,1
15891_StВphaneAudran_69_f.jpg,15891,StВphaneAudran,69,f.jpg,recall,1
15892_StВphaneAudran_70_f.jpg,15892,StВphaneAudran,70,f.jpg,recall,1
1663_BobDylan_33_m.jpg,1663,BobDylan,33,m.jpg,recall,1
1686_BobDylan_72_m.jpg,1686,BobDylan,72,m.jpg,recall,1
1831_TomJones_23_m.jpg,1831,TomJones,23,m.jpg,recall,1
1837_TomJones_28_m.jpg,1837,TomJones,28,m.jpg,recall,1
9753_TomJones_24_f.jpg,9753,TomJones,24,f.jpg,recall,1
1852_TomJones_59_m.jpg,1852,TomJones,59,m.jpg,recall,1
1857_TomJones_64_m.jpg,1857,TomJones,64,m.jpg,recall,1
1859_TomJones_66_m.jpg,1859,TomJones,66,m.jpg,recall,1
1908_EdwardFox_34_m.jpg,1908,EdwardFox,34,m.jpg,recall,1
1924_EdwardFox_53_m.jpg,1924,EdwardFox,53,m.jpg,recall,1
1930_EdwardFox_63_m.jpg,1930,EdwardFox,63,m.jpg,recall,1
1939_EdwardFox_76_m.jpg,1939,EdwardFox,76,m.jpg,recall,1
1981_JamesCaan_27_m.jpg,1981,JamesCaan,27,m.jpg,recall,1
1988_JamesCaan_32_m.jpg,1988,JamesCaan,32,m.jpg,recall,1
2008_JamesCaan_59_m.jpg,2008,JamesCaan,59,m.jpg,recall,1
2019_JamesCaan_73_m.jpg,2019,JamesCaan,73,m.jpg,recall,1
2055_JonVoight_36_m.jpg,2055,JonVoight,36,m.jpg,recall,1
2065_JonVoight_50_m.jpg,2065,JonVoight,50,m.jpg,recall,1
2073_JonVoight_60_m.jpg,2073,JonVoight,60,m.jpg,recall,1
2076_JonVoight_62_m.jpg,2076,JonVoight,62,m.jpg,recall,1
2077_JonVoight_64_m.jpg,2077,JonVoight,64,m.jpg,recall,1
2088_JonVoight_74_m.jpg,2088,JonVoight,74,m.jpg,recall,1
2097_MelBrooks_40_m.jpg,2097,MelBrooks,40,m.jpg,recall,1
2105_MelBrooks_52_m.jpg,2105,MelBrooks,52,m.jpg,recall,1
2121_MelBrooks_77_m.jpg,2121,MelBrooks,77,m.jpg,recall,1
2124_MelBrooks_80_m.jpg,2124,MelBrooks,80,m.jpg,recall,1
2709_KevinBacon_27_m.jpg,2709,KevinBacon,27,m.jpg,recall,1
2720_KevinBacon_37_m.jpg,2720,KevinBacon,37,m.jpg,recall,1
2732_KevinBacon_48_m.jpg,2732,KevinBacon,48,m.jpg,recall,1
2737_KevinBacon_52_m.jpg,2737,KevinBacon,52,m.jpg,recall,1
3556_MichaelYork_13_m.jpg,3556,MichaelYork,13,m.jpg,recall,0
3579_MichaelYork_50_m.jpg,3579,MichaelYork,50,m.jpg,recall,1
3581_MichaelYork_52_m.jpg,3581,MichaelYork,52,m.jpg,recall,1
3589_MichaelYork_61_m.jpg,3589,MichaelYork,61,m.jpg,recall,1
3591_MichaelYork_63_m.jpg,3591,MichaelYork,63,m.jpg,recall,1
3593_MichaelYork_65_m.jpg,3593,MichaelYork,65,m.jpg,recall,1
3596_MichaelYork_70_m.jpg,3596,MichaelYork,70,m.jpg,recall,1
4131_GenaRowlands_35_m.jpg,4131,GenaRowlands,35,m.jpg,recall,1
4138_GenaRowlands_48_m.jpg,4138,GenaRowlands,48,m.jpg,recall,1
4159_GenaRowlands_77_m.jpg,4159,GenaRowlands,77,m.jpg,recall,1
4736_MichelPiccoli_34_m.jpg,4736,MichelPiccoli,34,m.jpg,recall,1
4757_MichelPiccoli_51_m.jpg,4757,MichelPiccoli,51,m.jpg,recall,1
4885_RomanPolanski_33_m.jpg,4885,RomanPolanski,33,m.jpg,recall,1
4918_RomanPolanski_73_m.jpg,4918,RomanPolanski,73,m.jpg,recall,1
4921_RomanPolanski_76_m.jpg,4921,RomanPolanski,76,m.jpg,recall,1
4993_WarrenBeatty_23_m.jpg,4993,WarrenBeatty,23,m.jpg,recall,1
5028_WarrenBeatty_42_m.jpg,5028,WarrenBeatty,42,m.jpg,recall,1
5009_WarrenBeatty_57_m.jpg,5009,WarrenBeatty,57,m.jpg,recall,1
5023_WarrenBeatty_75_m.jpg,5023,WarrenBeatty,75,m.jpg,recall,1
5067_AnthonyHopkins_32_m.jpg,5067,AnthonyHopkins,32,m.jpg,recall,1
5079_AnthonyHopkins_54_m.jpg,5079,AnthonyHopkins,54,m.jpg,recall,1
5096_AnthonyHopkins_72_m.jpg,5096,AnthonyHopkins,72,m.jpg,recall,1
5109_AnthonyHopkins_76_m.jpg,5109,AnthonyHopkins,76,m.jpg,recall,1
5594_PeterFalk_39_m.jpg,5594,PeterFalk,39,m.jpg,recall,1
5601_PeterFalk_47_m.jpg,5601,PeterFalk,47,m.jpg,recall,1
5617_PeterFalk_68_m.jpg,5617,PeterFalk,68,m.jpg,recall,1
5621_PeterFalk_74_m.jpg,5621,PeterFalk,74,m.jpg,recall,1
5630_PeterFalk_83_m.jpg,5630,PeterFalk,83,m.jpg,recall,1
5770_BenGazzara_32_m.jpg,5770,BenGazzara,32,m.jpg,recall,1
5792_BenGazzara_73_m.jpg,5792,BenGazzara,73,m.jpg,recall,1
5849_HerbertLom_40_m.jpg,5849,HerbertLom,40,m.jpg,recall,1
5864_HerbertLom_61_m.jpg,5864,HerbertLom,61,m.jpg,recall,1
5876_HerbertLom_81_m.jpg,5876,HerbertLom,81,m.jpg,recall,1
5881_HerbertLom_93_m.jpg,5881,HerbertLom,93,m.jpg,recall,1
6230_DirkBogarde_29_m.jpg,6230,DirkBogarde,29,m.jpg,recall,1
6231_DirkBogarde_31_m.jpg,6231,DirkBogarde,31,m.jpg,recall,1
6245_DirkBogarde_42_m.jpg,6245,DirkBogarde,42,m.jpg,recall,1
6246_DirkBogarde_43_m.jpg,6246,DirkBogarde,43,m.jpg,recall,1
6255_DirkBogarde_56_m.jpg,6255,DirkBogarde,56,m.jpg,recall,1
6262_DirkBogarde_67_m.jpg,6262,DirkBogarde,67,m.jpg,recall,1
6472_JohnnyCash_10_m.jpg,6472,JohnnyCash,10,m.jpg,recall,1
6485_JohnnyCash_40_m.jpg,6485,JohnnyCash,40,m.jpg,recall,1
6494_JohnnyCash_29_m.jpg,6494,JohnnyCash,29,m.jpg,recall,1
6497_JohnnyCash_35_m.jpg,6497,JohnnyCash,35,m.jpg,recall,1
6493_JohnnyCash_69_m.jpg,6493,JohnnyCash,69,m.jpg,recall,1
6676_PeterGraves_34_m.jpg,6676,PeterGraves,34,m.jpg,recall,1
6681_PeterGraves_41_m.jpg,6681,PeterGraves,41,m.jpg,recall,1
6682_PeterGraves_43_m.jpg,6682,PeterGraves,43,m.jpg,recall,1
6700_PeterGraves_46_m.jpg,6700,PeterGraves,46,m.jpg,recall,1
6698_PeterGraves_82_m.jpg,6698,PeterGraves,82,m.jpg,recall,1
6703_PeterGraves_54_m.jpg,6703,PeterGraves,54,m.jpg,recall,1
6792_RoyScheider_39_m.jpg,6792,RoyScheider,39,m.jpg,recall,1
6806_RoyScheider_56_m.jpg,6806,RoyScheider,56,m.jpg,recall,1
6811_RoyScheider_65_m.jpg,6811,RoyScheider,65,m.jpg,recall,1
6992_ChristopherWalken_29_m.jpg,6992,ChristopherWalken,29,m.jpg,recall,1
7012_ChristopherWalken_50_m.jpg,7012,ChristopherWalken,50,m.jpg,recall,1
7016_ChristopherWalken_56_m.jpg,7016,ChristopherWalken,56,m.jpg,recall,1
7098_GladysCooper_15_m.jpg,7098,GladysCooper,15,m.jpg,recall,1
7121_GladysCooper_74_m.jpg,7121,GladysCooper,74,m.jpg,recall,1
7401_MickeyRooney_8_m.jpg,7401,MickeyRooney,8,m.jpg,recall,1
7402_MickeyRooney_10_m.jpg,7402,MickeyRooney,10,m.jpg,recall,1
7410_MickeyRooney_23_m.jpg,7410,MickeyRooney,23,m.jpg,recall,1
7416_MickeyRooney_33_m.jpg,7416,MickeyRooney,33,m.jpg,recall,1
7431_MickeyRooney_63_m.jpg,7431,MickeyRooney,63,m.jpg,recall,1
7436_MickeyRooney_77_m.jpg,7436,MickeyRooney,77,m.jpg,recall,1
7437_MickeyRooney_78_m.jpg,7437,MickeyRooney,78,m.jpg,recall,1
7764_AlbertoSordi_45_m.jpg,7764,AlbertoSordi,45,m.jpg,recall,1
7766_AlbertoSordi_50_m.jpg,7766,AlbertoSordi,50,m.jpg,recall,1
7779_AlbertoSordi_76_m.jpg,7779,AlbertoSordi,76,m.jpg,recall,1
8305_RichardCrenna_18_m.jpg,8305,RichardCrenna,18,m.jpg,recall,1
8308_RichardCrenna_28_m.jpg,8308,RichardCrenna,28,m.jpg,recall,1
8338_RichardCrenna_64_m.jpg,8338,RichardCrenna,64,m.jpg,recall,1
8825_ArnoldSchwarzenegger_32_m.jpg,8825,ArnoldSchwarzenegger,32,m.jpg,recall,0
8833_ArnoldSchwarzenegger_41_m.jpg,8833,ArnoldSchwarzenegger,41,m.jpg,recall,0
8843_ArnoldSchwarzenegger_54_m.jpg,8843,ArnoldSchwarzenegger,54,m.jpg,recall,1
8852_ArnoldSchwarzenegger_61_m.jpg,8852,ArnoldSchwarzenegger,61,m.jpg,recall,1
8945_FredMacMurray_24_m.jpg,8945,FredMacMurray,24,m.jpg,recall,1
8948_FredMacMurray_28_m.jpg,8948,FredMacMurray,28,m.jpg,recall,1
8950_FredMacMurray_31_m.jpg,8950,FredMacMurray,31,m.jpg,recall,1
8958_FredMacMurray_45_m.jpg,8958,FredMacMurray,45,m.jpg,recall,1
8964_FredMacMurray_51_m.jpg,8964,FredMacMurray,51,m.jpg,recall,1
9039_JeanClaudeVanDamme_24_m.jpg,9039,JeanClaudeVanDamme,24,m.jpg,recall,0
9048_JeanClaudeVanDamme_33_m.jpg,9048,JeanClaudeVanDamme,33,m.jpg,recall,1
9062_JeanClaudeVanDamme_44_m.jpg,9062,JeanClaudeVanDamme,44,m.jpg,recall,1
9066_JeanClaudeVanDamme_51_m.jpg,9066,JeanClaudeVanDamme,51,m.jpg,recall,0
9068_JeanClaudeVanDamme_52_m.jpg,9068,JeanClaudeVanDamme,52,m.jpg,recall,1
9079_JeanClaudeVanDamme_53_m.jpg,9079,JeanClaudeVanDamme,53,m.jpg,recall,1
9569_MarcelloMastroianni_27_m.jpg,9569,MarcelloMastroianni,27,m.jpg,recall,1
9570_MarcelloMastroianni_28_m.jpg,9570,MarcelloMastroianni,28,m.jpg,recall,1
9574_MarcelloMastroianni_32_m.jpg,9574,MarcelloMastroianni,32,m.jpg,recall,1
9579_MarcelloMastroianni_38_m.jpg,9579,MarcelloMastroianni,38,m.jpg,recall,1
9603_MarcelloMastroianni_66_m.jpg,9603,MarcelloMastroianni,66,m.jpg,recall,1
9716_DorisDay_30_f.jpg,9716,DorisDay,30,f.jpg,recall,1
9727_DorisDay_47_f.jpg,9727,DorisDay,47,f.jpg,recall,1
9737_DorisDay_65_f.jpg,9737,DorisDay,65,f.jpg,recall,1
9744_DorisDay_82_f.jpg,9744,DorisDay,82,f.jpg,recall,1
9745_DorisDay_57_f.jpg,9745,DorisDay,57,f.jpg,recall,1
