age,last_name,first_name,identity,extension,filename,type,train_younger,test_younger,difference
47,Fran,Drescher,FranDrescher,0009.jpg,47_Fran_Drescher_0009.jpg,accuracy,1,1,1
50,Fran,Drescher,FranDrescher,0004.jpg,50_Fran_Drescher_0004.jpg,accuracy,1,1,1
50,Fran,Drescher,FranDrescher,0007.jpg,50_Fran_Drescher_0007.jpg,accuracy,0,0,0
51,Fran,Drescher,FranDrescher,0003.jpg,51_Fran_Drescher_0003.jpg,accuracy,1,1,1
51,Fran,Drescher,FranDrescher,0006.jpg,51_Fran_Drescher_0006.jpg,accuracy,1,1,1
51,Fran,Drescher,FranDrescher,0007.jpg,51_Fran_Drescher_0007.jpg,accuracy,1,1,1
52,Fran,Drescher,FranDrescher,0005.jpg,52_Fran_Drescher_0005.jpg,accuracy,1,1,1
52,Fran,Drescher,FranDrescher,0016.jpg,52_Fran_Drescher_0016.jpg,accuracy,1,1,1
53,Fran,Drescher,FranDrescher,0001.jpg,53_Fran_Drescher_0001.jpg,accuracy,1,1,1
53,Fran,Drescher,FranDrescher,0003.jpg,53_Fran_Drescher_0003.jpg,accuracy,1,1,1
53,Fran,Drescher,FranDrescher,0005.jpg,53_Fran_Drescher_0005.jpg,accuracy,1,1,1
53,Fran,Drescher,FranDrescher,0011.jpg,53_Fran_Drescher_0011.jpg,accuracy,1,1,1
54,Fran,Drescher,FranDrescher,0005.jpg,54_Fran_Drescher_0005.jpg,accuracy,1,1,1
55,Fran,Drescher,FranDrescher,0008.jpg,55_Fran_Drescher_0008.jpg,accuracy,1,1,1
56,Fran,Drescher,FranDrescher,0001.jpg,56_Fran_Drescher_0001.jpg,accuracy,1,1,1
47,Denis,Leary,DenisLeary,0009.jpg,47_Denis_Leary_0009.jpg,accuracy,1,1,1
48,Denis,Leary,DenisLeary,0009.jpg,48_Denis_Leary_0009.jpg,accuracy,0,0,0
49,Denis,Leary,DenisLeary,0010.jpg,49_Denis_Leary_0010.jpg,accuracy,1,1,1
52,Denis,Leary,DenisLeary,0008.jpg,52_Denis_Leary_0008.jpg,accuracy,1,1,1
53,Denis,Leary,DenisLeary,0005.jpg,53_Denis_Leary_0005.jpg,accuracy,1,1,1
53,Denis,Leary,DenisLeary,0008.jpg,53_Denis_Leary_0008.jpg,accuracy,1,1,1
54,Denis,Leary,DenisLeary,0010.jpg,54_Denis_Leary_0010.jpg,accuracy,1,1,1
55,Denis,Leary,DenisLeary,0012.jpg,55_Denis_Leary_0012.jpg,accuracy,1,1,1
56,Denis,Leary,DenisLeary,0003.jpg,56_Denis_Leary_0003.jpg,accuracy,1,1,1
47,Viggo,Mortensen,ViggoMortensen,0003.jpg,47_Viggo_Mortensen_0003.jpg,accuracy,1,1,1
50,Viggo,Mortensen,ViggoMortensen,0009.jpg,50_Viggo_Mortensen_0009.jpg,accuracy,1,1,1
51,Viggo,Mortensen,ViggoMortensen,0002.jpg,51_Viggo_Mortensen_0002.jpg,accuracy,1,1,1
51,Viggo,Mortensen,ViggoMortensen,0009.jpg,51_Viggo_Mortensen_0009.jpg,accuracy,1,1,1
52,Viggo,Mortensen,ViggoMortensen,0004.jpg,52_Viggo_Mortensen_0004.jpg,accuracy,1,1,1
54,Viggo,Mortensen,ViggoMortensen,0001.jpg,54_Viggo_Mortensen_0001.jpg,accuracy,1,1,1
54,Viggo,Mortensen,ViggoMortensen,0004.jpg,54_Viggo_Mortensen_0004.jpg,accuracy,1,1,1
55,Viggo,Mortensen,ViggoMortensen,0003.jpg,55_Viggo_Mortensen_0003.jpg,accuracy,1,1,1
55,Viggo,Mortensen,ViggoMortensen,0011.jpg,55_Viggo_Mortensen_0011.jpg,accuracy,1,1,1
55,Viggo,Mortensen,ViggoMortensen,0013.jpg,55_Viggo_Mortensen_0013.jpg,accuracy,1,1,1
46,Kevin,Bacon,KevinBacon,0003.jpg,46_Kevin_Bacon_0003.jpg,accuracy,1,1,1
47,Kevin,Bacon,KevinBacon,0006.jpg,47_Kevin_Bacon_0006.jpg,accuracy,1,1,1
49,Kevin,Bacon,KevinBacon,0003.jpg,49_Kevin_Bacon_0003.jpg,accuracy,1,1,1
49,Kevin,Bacon,KevinBacon,0004.jpg,49_Kevin_Bacon_0004.jpg,accuracy,1,1,1
49,Kevin,Bacon,KevinBacon,0007.jpg,49_Kevin_Bacon_0007.jpg,accuracy,1,1,1
50,Kevin,Bacon,KevinBacon,0001.jpg,50_Kevin_Bacon_0001.jpg,accuracy,1,1,1
51,Kevin,Bacon,KevinBacon,0003.jpg,51_Kevin_Bacon_0003.jpg,accuracy,1,1,1
52,Kevin,Bacon,KevinBacon,0001.jpg,52_Kevin_Bacon_0001.jpg,accuracy,1,1,1
55,Kevin,Bacon,KevinBacon,0010.jpg,55_Kevin_Bacon_0010.jpg,accuracy,1,1,1
46,Sharon,Stone,SharonStone,0008.jpg,46_Sharon_Stone_0008.jpg,accuracy,1,1,1
47,Sharon,Stone,SharonStone,0011.jpg,47_Sharon_Stone_0011.jpg,accuracy,1,1,1
48,Sharon,Stone,SharonStone,0006.jpg,48_Sharon_Stone_0006.jpg,accuracy,1,1,1
48,Sharon,Stone,SharonStone,0010.jpg,48_Sharon_Stone_0010.jpg,accuracy,1,1,1
49,Sharon,Stone,SharonStone,0001.jpg,49_Sharon_Stone_0001.jpg,accuracy,1,1,1
49,Sharon,Stone,SharonStone,0003.jpg,49_Sharon_Stone_0003.jpg,accuracy,1,1,1
50,Sharon,Stone,SharonStone,0004.jpg,50_Sharon_Stone_0004.jpg,accuracy,1,1,1
52,Sharon,Stone,SharonStone,0006.jpg,52_Sharon_Stone_0006.jpg,accuracy,1,1,1
53,Sharon,Stone,SharonStone,0001.jpg,53_Sharon_Stone_0001.jpg,accuracy,1,1,1
53,Sharon,Stone,SharonStone,0007.jpg,53_Sharon_Stone_0007.jpg,accuracy,1,1,1
53,Sharon,Stone,SharonStone,0010.jpg,53_Sharon_Stone_0010.jpg,accuracy,1,1,1
46,Alec,Baldwin,AlecBaldwin,0011.jpg,46_Alec_Baldwin_0011.jpg,accuracy,1,1,1
46,Alec,Baldwin,AlecBaldwin,0016.jpg,46_Alec_Baldwin_0016.jpg,accuracy,1,0,0
47,Alec,Baldwin,AlecBaldwin,0003.jpg,47_Alec_Baldwin_0003.jpg,accuracy,1,0,0
47,Alec,Baldwin,AlecBaldwin,0012.jpg,47_Alec_Baldwin_0012.jpg,accuracy,1,1,1
48,Alec,Baldwin,AlecBaldwin,0002.jpg,48_Alec_Baldwin_0002.jpg,accuracy,1,1,1
49,Alec,Baldwin,AlecBaldwin,0001.jpg,49_Alec_Baldwin_0001.jpg,accuracy,1,1,1
49,Alec,Baldwin,AlecBaldwin,0002.jpg,49_Alec_Baldwin_0002.jpg,accuracy,1,1,1
51,Alec,Baldwin,AlecBaldwin,0004.jpg,51_Alec_Baldwin_0004.jpg,accuracy,1,1,1
51,Alec,Baldwin,AlecBaldwin,0010.jpg,51_Alec_Baldwin_0010.jpg,accuracy,1,1,1
52,Alec,Baldwin,AlecBaldwin,0008.jpg,52_Alec_Baldwin_0008.jpg,accuracy,1,1,1
54,Alec,Baldwin,AlecBaldwin,0005.jpg,54_Alec_Baldwin_0005.jpg,accuracy,1,1,1
54,Alec,Baldwin,AlecBaldwin,0013.jpg,54_Alec_Baldwin_0013.jpg,accuracy,1,0,0
55,Alec,Baldwin,AlecBaldwin,0003.jpg,55_Alec_Baldwin_0003.jpg,accuracy,1,1,1
55,Alec,Baldwin,AlecBaldwin,0012.jpg,55_Alec_Baldwin_0012.jpg,accuracy,1,1,1
47,Jamie,Lee,JamieLeeCurtis,0002.jpg,47_Jamie_Lee_Curtis_0002.jpg,accuracy,1,1,1
47,Jamie,Lee,JamieLeeCurtis,0003.jpg,47_Jamie_Lee_Curtis_0003.jpg,accuracy,1,1,1
55,Jamie,Lee,JamieLeeCurtis,0003.jpg,47_Jamie_Lee_Curtis_0011.jpg,accuracy,1,1,1
52,Jamie,Lee,JamieLeeCurtis,0004.jpg,48_Jamie_Lee_Curtis_0005.jpg,accuracy,1,1,1
48,Jamie,Lee,JamieLeeCurtis,0005.jpg,50_Jamie_Lee_Curtis_0009.jpg,accuracy,1,1,1
50,Jamie,Lee,JamieLeeCurtis,0009.jpg,51_Jamie_Lee_Curtis_0009.jpg,accuracy,1,1,1
51,Jamie,Lee,JamieLeeCurtis,0009.jpg,52_Jamie_Lee_Curtis_0004.jpg,accuracy,1,1,1
47,Jamie,Lee,JamieLeeCurtis,0011.jpg,53_Jamie_Lee_Curtis_0012.jpg,accuracy,1,1,1
53,Jamie,Lee,JamieLeeCurtis,0012.jpg,54_Jamie_Lee_Curtis_0013.jpg,accuracy,1,1,1
54,Jamie,Lee,JamieLeeCurtis,0013.jpg,55_Jamie_Lee_Curtis_0003.jpg,accuracy,1,1,1
46,Tim,Robbins,TimRobbins,0004.jpg,46_Tim_Robbins_0004.jpg,accuracy,1,1,1
46,Tim,Robbins,TimRobbins,0006.jpg,46_Tim_Robbins_0006.jpg,accuracy,1,1,1
47,Tim,Robbins,TimRobbins,0001.jpg,47_Tim_Robbins_0001.jpg,accuracy,0,0,0
47,Tim,Robbins,TimRobbins,0009.jpg,47_Tim_Robbins_0009.jpg,accuracy,1,1,1
50,Tim,Robbins,TimRobbins,0008.jpg,50_Tim_Robbins_0008.jpg,accuracy,1,1,1
50,Tim,Robbins,TimRobbins,0013.jpg,50_Tim_Robbins_0013.jpg,accuracy,1,1,1
51,Tim,Robbins,TimRobbins,0003.jpg,51_Tim_Robbins_0003.jpg,accuracy,1,1,1
51,Tim,Robbins,TimRobbins,0011.jpg,51_Tim_Robbins_0011.jpg,accuracy,1,1,1
51,Tim,Robbins,TimRobbins,0012.jpg,51_Tim_Robbins_0012.jpg,accuracy,0,0,0
51,Tim,Robbins,TimRobbins,0014.jpg,51_Tim_Robbins_0014.jpg,accuracy,0,0,0
55,Tim,Robbins,TimRobbins,0007.jpg,55_Tim_Robbins_0007.jpg,accuracy,1,1,1
47,Annette,Bening,AnnetteBening,0004.jpg,47_Annette_Bening_0004.jpg,accuracy,1,1,1
51,Annette,Bening,AnnetteBening,0013.jpg,51_Annette_Bening_0013.jpg,accuracy,1,1,1
53,Annette,Bening,AnnetteBening,0014.jpg,53_Annette_Bening_0014.jpg,accuracy,1,1,1
54,Annette,Bening,AnnetteBening,0012.jpg,54_Annette_Bening_0012.jpg,accuracy,1,1,1
46,Michael,Jackson,MichaelJackson,0005.jpg,46_Michael_Jackson_0005.jpg,accuracy,1,1,1
46,Michael,Jackson,MichaelJackson,0008.jpg,46_Michael_Jackson_0008.jpg,accuracy,1,1,1
50,Michael,Jackson,MichaelJackson,0014.jpg,50_Michael_Jackson_0014.jpg,accuracy,1,1,1
51,Michael,Jackson,MichaelJackson,0011.jpg,51_Michael_Jackson_0011.jpg,accuracy,1,1,1
51,Michael,Jackson,MichaelJackson,0015.jpg,51_Michael_Jackson_0015.jpg,accuracy,1,1,1
52,Michael,Jackson,MichaelJackson,0012.jpg,52_Michael_Jackson_0012.jpg,accuracy,1,1,1
53,Michael,Jackson,MichaelJackson,0012.jpg,53_Michael_Jackson_0012.jpg,accuracy,1,1,1
53,Michael,Jackson,MichaelJackson,0013.jpg,53_Michael_Jackson_0013.jpg,accuracy,1,1,1
54,Michael,Jackson,MichaelJackson,0010.jpg,54_Michael_Jackson_0010.jpg,accuracy,1,1,1
54,Michael,Jackson,MichaelJackson,0011.jpg,54_Michael_Jackson_0011.jpg,accuracy,1,1,1
55,Michael,Jackson,MichaelJackson,0005.jpg,55_Michael_Jackson_0005.jpg,accuracy,1,1,1
46,Sean,Young,SeanYoung,0001.jpg,46_Sean_Young_0001.jpg,accuracy,1,1,1
49,Sean,Young,SeanYoung,0010.jpg,49_Sean_Young_0010.jpg,accuracy,1,1,1
50,Sean,Young,SeanYoung,0006.jpg,50_Sean_Young_0006.jpg,accuracy,1,1,1
50,Sean,Young,SeanYoung,0007.jpg,50_Sean_Young_0007.jpg,accuracy,1,1,1
50,Sean,Young,SeanYoung,0012.jpg,50_Sean_Young_0012.jpg,accuracy,1,1,1
50,Sean,Young,SeanYoung,0013.jpg,50_Sean_Young_0013.jpg,accuracy,1,1,1
50,Sean,Young,SeanYoung,0015.jpg,50_Sean_Young_0015.jpg,accuracy,1,1,1
51,Sean,Young,SeanYoung,0004.jpg,51_Sean_Young_0004.jpg,accuracy,1,1,1
53,Sean,Young,SeanYoung,0011.jpg,53_Sean_Young_0011.jpg,accuracy,1,1,1
45,Vincent,D'Onofrio,VincentD'Onofrio,0012.jpg,45_Vincent_D'Onofrio_0012.jpg,accuracy,0,0,0
46,Vincent,D'Onofrio,VincentD'Onofrio,0011.jpg,46_Vincent_D'Onofrio_0011.jpg,accuracy,1,1,1
49,Vincent,D'Onofrio,VincentD'Onofrio,0007.jpg,49_Vincent_D'Onofrio_0007.jpg,accuracy,1,1,1
50,Vincent,D'Onofrio,VincentD'Onofrio,0006.jpg,50_Vincent_D'Onofrio_0006.jpg,accuracy,1,1,1
51,Vincent,D'Onofrio,VincentD'Onofrio,0011.jpg,51_Vincent_D'Onofrio_0011.jpg,accuracy,1,1,1
52,Vincent,D'Onofrio,VincentD'Onofrio,0004.jpg,52_Vincent_D'Onofrio_0004.jpg,accuracy,1,1,1
52,Vincent,D'Onofrio,VincentD'Onofrio,0006.jpg,52_Vincent_D'Onofrio_0006.jpg,accuracy,1,1,1
52,Vincent,D'Onofrio,VincentD'Onofrio,0007.jpg,52_Vincent_D'Onofrio_0007.jpg,accuracy,1,1,1
53,Vincent,D'Onofrio,VincentD'Onofrio,0005.jpg,53_Vincent_D'Onofrio_0005.jpg,accuracy,1,1,1
53,Vincent,D'Onofrio,VincentD'Onofrio,0010.jpg,53_Vincent_D'Onofrio_0010.jpg,accuracy,1,1,1
45,Emma,Thompson,EmmaThompson,0013.jpg,45_Emma_Thompson_0013.jpg,accuracy,1,1,1
47,Emma,Thompson,EmmaThompson,0002.jpg,47_Emma_Thompson_0002.jpg,accuracy,1,1,1
49,Emma,Thompson,EmmaThompson,0012.jpg,49_Emma_Thompson_0012.jpg,accuracy,1,1,1
50,Emma,Thompson,EmmaThompson,0005.jpg,50_Emma_Thompson_0005.jpg,accuracy,1,1,1
51,Emma,Thompson,EmmaThompson,0003.jpg,51_Emma_Thompson_0003.jpg,accuracy,1,1,1
46,Hugh,Laurie,HughLaurie,0010.jpg,46_Hugh_Laurie_0010.jpg,accuracy,1,1,1
46,Hugh,Laurie,HughLaurie,0013.jpg,46_Hugh_Laurie_0013.jpg,accuracy,1,1,1
47,Hugh,Laurie,HughLaurie,0003.jpg,47_Hugh_Laurie_0003.jpg,accuracy,1,1,1
49,Hugh,Laurie,HughLaurie,0003.jpg,49_Hugh_Laurie_0003.jpg,accuracy,1,1,1
51,Hugh,Laurie,HughLaurie,0009.jpg,51_Hugh_Laurie_0009.jpg,accuracy,1,1,1
52,Hugh,Laurie,HughLaurie,0002.jpg,52_Hugh_Laurie_0002.jpg,accuracy,1,1,1
52,Hugh,Laurie,HughLaurie,0003.jpg,52_Hugh_Laurie_0003.jpg,accuracy,0,0,0
52,Hugh,Laurie,HughLaurie,0007.jpg,52_Hugh_Laurie_0007.jpg,accuracy,1,1,1
47,Simon,Cowell,SimonCowell,0008.jpg,47_Simon_Cowell_0008.jpg,accuracy,1,1,1
49,Simon,Cowell,SimonCowell,0002.jpg,49_Simon_Cowell_0002.jpg,accuracy,1,1,1
50,Simon,Cowell,SimonCowell,0013.jpg,50_Simon_Cowell_0013.jpg,accuracy,1,1,1
52,Simon,Cowell,SimonCowell,0001.jpg,52_Simon_Cowell_0001.jpg,accuracy,1,1,1
52,Simon,Cowell,SimonCowell,0005.jpg,52_Simon_Cowell_0005.jpg,accuracy,1,1,1
52,Simon,Cowell,SimonCowell,0011.jpg,52_Simon_Cowell_0011.jpg,accuracy,1,1,1
52,Simon,Cowell,SimonCowell,0013.jpg,52_Simon_Cowell_0013.jpg,accuracy,1,1,1
46,Robert,Knepper,RobertKnepper,0011.jpg,46_Robert_Knepper_0011.jpg,accuracy,0,0,0
47,Robert,Knepper,RobertKnepper,0008.jpg,47_Robert_Knepper_0008.jpg,accuracy,0,1,0
49,Robert,Knepper,RobertKnepper,0003.jpg,49_Robert_Knepper_0003.jpg,accuracy,1,1,1
49,Robert,Knepper,RobertKnepper,0013.jpg,49_Robert_Knepper_0013.jpg,accuracy,1,1,1
50,Robert,Knepper,RobertKnepper,0003.jpg,50_Robert_Knepper_0003.jpg,accuracy,1,1,1
50,Robert,Knepper,RobertKnepper,0005.jpg,50_Robert_Knepper_0005.jpg,accuracy,1,1,1
50,Robert,Knepper,RobertKnepper,0008.jpg,50_Robert_Knepper_0008.jpg,accuracy,1,1,1
51,Robert,Knepper,RobertKnepper,0008.jpg,51_Robert_Knepper_0008.jpg,accuracy,1,1,1
53,Robert,Knepper,RobertKnepper,0007.jpg,53_Robert_Knepper_0007.jpg,accuracy,1,1,1
45,Linda,Blair,LindaBlair,0001.jpg,45_Linda_Blair_0001.jpg,accuracy,1,1,1
46,Linda,Blair,LindaBlair,0003.jpg,46_Linda_Blair_0003.jpg,accuracy,1,1,1
51,Linda,Blair,LindaBlair,0018.jpg,51_Linda_Blair_0018.jpg,accuracy,1,1,1
53,Linda,Blair,LindaBlair,0008.jpg,53_Linda_Blair_0008.jpg,accuracy,1,1,1
45,John,C.,JohnC.McGinley,0001.jpg,45_John_C._McGinley_0001.jpg,accuracy,1,1,1
50,John,C.,JohnC.McGinley,0002.jpg,46_John_C._McGinley_0015.jpg,accuracy,1,1,1
47,John,C.,JohnC.McGinley,0003.jpg,47_John_C._McGinley_0003.jpg,accuracy,1,1,1
51,John,C.,JohnC.McGinley,0007.jpg,50_John_C._McGinley_0002.jpg,accuracy,1,1,1
54,John,C.,JohnC.McGinley,0008.jpg,50_John_C._McGinley_0011.jpg,accuracy,1,1,1
52,John,C.,JohnC.McGinley,0009.jpg,51_John_C._McGinley_0007.jpg,accuracy,1,1,1
50,John,C.,JohnC.McGinley,0011.jpg,52_John_C._McGinley_0009.jpg,accuracy,1,1,1
52,John,C.,JohnC.McGinley,0013.jpg,52_John_C._McGinley_0013.jpg,accuracy,1,1,1
46,John,C.,JohnC.McGinley,0015.jpg,54_John_C._McGinley_0008.jpg,accuracy,1,1,1
46,Jason,Alexander,JasonAlexander,0002.jpg,46_Jason_Alexander_0002.jpg,accuracy,1,1,1
46,Jason,Alexander,JasonAlexander,0003.jpg,46_Jason_Alexander_0003.jpg,accuracy,1,1,1
47,Jason,Alexander,JasonAlexander,0004.jpg,47_Jason_Alexander_0004.jpg,accuracy,1,1,1
48,Jason,Alexander,JasonAlexander,0002.jpg,48_Jason_Alexander_0002.jpg,accuracy,1,1,1
49,Jason,Alexander,JasonAlexander,0005.jpg,49_Jason_Alexander_0005.jpg,accuracy,1,1,1
49,Jason,Alexander,JasonAlexander,0008.jpg,49_Jason_Alexander_0008.jpg,accuracy,1,1,1
50,Jason,Alexander,JasonAlexander,0005.jpg,50_Jason_Alexander_0005.jpg,accuracy,1,1,1
51,Jason,Alexander,JasonAlexander,0001.jpg,51_Jason_Alexander_0001.jpg,accuracy,1,1,1
51,Jason,Alexander,JasonAlexander,0009.jpg,51_Jason_Alexander_0009.jpg,accuracy,0,1,0
51,Jason,Alexander,JasonAlexander,0015.jpg,51_Jason_Alexander_0015.jpg,accuracy,1,1,1
52,Jason,Alexander,JasonAlexander,0011.jpg,52_Jason_Alexander_0011.jpg,accuracy,1,1,1
53,Jason,Alexander,JasonAlexander,0007.jpg,53_Jason_Alexander_0007.jpg,accuracy,1,1,1
54,Jason,Alexander,JasonAlexander,0001.jpg,54_Jason_Alexander_0001.jpg,accuracy,1,1,1
54,Jason,Alexander,JasonAlexander,0005.jpg,54_Jason_Alexander_0005.jpg,accuracy,1,1,1
54,Jason,Alexander,JasonAlexander,0007.jpg,54_Jason_Alexander_0007.jpg,accuracy,1,1,1
44,Julianne,Moore,JulianneMoore,0001.jpg,44_Julianne_Moore_0001.jpg,accuracy,1,1,1
45,Julianne,Moore,JulianneMoore,0004.jpg,45_Julianne_Moore_0004.jpg,accuracy,1,1,1
45,Julianne,Moore,JulianneMoore,0005.jpg,45_Julianne_Moore_0005.jpg,accuracy,1,1,1
47,Julianne,Moore,JulianneMoore,0014.jpg,47_Julianne_Moore_0014.jpg,accuracy,1,1,1
50,Julianne,Moore,JulianneMoore,0004.jpg,50_Julianne_Moore_0004.jpg,accuracy,1,1,1
52,Julianne,Moore,JulianneMoore,0002.jpg,52_Julianne_Moore_0002.jpg,accuracy,1,1,1
52,Julianne,Moore,JulianneMoore,0013.jpg,52_Julianne_Moore_0013.jpg,accuracy,1,1,1
53,Julianne,Moore,JulianneMoore,0010.jpg,53_Julianne_Moore_0010.jpg,accuracy,1,1,1
44,Jennifer,Grey,JenniferGrey,0012.jpg,44_Jennifer_Grey_0012.jpg,accuracy,1,1,1
46,Jennifer,Grey,JenniferGrey,0006.jpg,46_Jennifer_Grey_0006.jpg,accuracy,1,1,1
46,Jennifer,Grey,JenniferGrey,0008.jpg,46_Jennifer_Grey_0008.jpg,accuracy,0,0,0
47,Jennifer,Grey,JenniferGrey,0007.jpg,47_Jennifer_Grey_0007.jpg,accuracy,1,1,1
49,Jennifer,Grey,JenniferGrey,0003.jpg,49_Jennifer_Grey_0003.jpg,accuracy,1,1,1
49,Jennifer,Grey,JenniferGrey,0007.jpg,49_Jennifer_Grey_0007.jpg,accuracy,1,1,1
50,Jennifer,Grey,JenniferGrey,0012.jpg,50_Jennifer_Grey_0012.jpg,accuracy,1,1,1
51,Jennifer,Grey,JenniferGrey,0007.jpg,51_Jennifer_Grey_0007.jpg,accuracy,1,1,1
51,Jennifer,Grey,JenniferGrey,0010.jpg,51_Jennifer_Grey_0010.jpg,accuracy,1,1,1
51,Jennifer,Grey,JenniferGrey,0012.jpg,51_Jennifer_Grey_0012.jpg,accuracy,1,1,1
52,Jennifer,Grey,JenniferGrey,0001.jpg,52_Jennifer_Grey_0001.jpg,accuracy,1,1,1
53,Jennifer,Grey,JenniferGrey,0003.jpg,53_Jennifer_Grey_0003.jpg,accuracy,1,1,1
53,Jennifer,Grey,JenniferGrey,0008.jpg,53_Jennifer_Grey_0008.jpg,accuracy,1,1,1
46,Sean,Penn,SeanPenn,0010.jpg,46_Sean_Penn_0010.jpg,accuracy,1,1,1
46,Sean,Penn,SeanPenn,0014.jpg,46_Sean_Penn_0014.jpg,accuracy,1,1,1
48,Sean,Penn,SeanPenn,0001.jpg,48_Sean_Penn_0001.jpg,accuracy,1,1,1
49,Sean,Penn,SeanPenn,0009.jpg,49_Sean_Penn_0009.jpg,accuracy,1,1,1
50,Sean,Penn,SeanPenn,0001.jpg,50_Sean_Penn_0001.jpg,accuracy,1,1,1
50,Sean,Penn,SeanPenn,0004.jpg,50_Sean_Penn_0004.jpg,accuracy,1,1,1
50,Sean,Penn,SeanPenn,0008.jpg,50_Sean_Penn_0008.jpg,accuracy,1,1,1
50,Sean,Penn,SeanPenn,0017.jpg,50_Sean_Penn_0017.jpg,accuracy,1,1,1
45,Stanley,Tucci,StanleyTucci,0001.jpg,45_Stanley_Tucci_0001.jpg,accuracy,1,1,1
46,Stanley,Tucci,StanleyTucci,0002.jpg,46_Stanley_Tucci_0002.jpg,accuracy,1,1,1
46,Stanley,Tucci,StanleyTucci,0003.jpg,46_Stanley_Tucci_0003.jpg,accuracy,1,1,1
48,Stanley,Tucci,StanleyTucci,0012.jpg,48_Stanley_Tucci_0012.jpg,accuracy,0,0,0
49,Stanley,Tucci,StanleyTucci,0012.jpg,49_Stanley_Tucci_0012.jpg,accuracy,1,1,1
51,Stanley,Tucci,StanleyTucci,0008.jpg,51_Stanley_Tucci_0008.jpg,accuracy,1,1,1
51,Stanley,Tucci,StanleyTucci,0009.jpg,51_Stanley_Tucci_0009.jpg,accuracy,1,1,1
51,Stanley,Tucci,StanleyTucci,0011.jpg,51_Stanley_Tucci_0011.jpg,accuracy,1,1,1
52,Stanley,Tucci,StanleyTucci,0001.jpg,52_Stanley_Tucci_0001.jpg,accuracy,1,1,1
52,Stanley,Tucci,StanleyTucci,0003.jpg,52_Stanley_Tucci_0003.jpg,accuracy,1,1,1
53,Stanley,Tucci,StanleyTucci,0006.jpg,53_Stanley_Tucci_0006.jpg,accuracy,1,1,1
44,Colin,Firth,ColinFirth,0015.jpg,44_Colin_Firth_0015.jpg,accuracy,1,1,1
45,Colin,Firth,ColinFirth,0005.jpg,45_Colin_Firth_0005.jpg,accuracy,1,1,1
45,Colin,Firth,ColinFirth,0010.jpg,45_Colin_Firth_0010.jpg,accuracy,1,1,1
46,Colin,Firth,ColinFirth,0007.jpg,46_Colin_Firth_0007.jpg,accuracy,1,1,1
47,Colin,Firth,ColinFirth,0005.jpg,47_Colin_Firth_0005.jpg,accuracy,1,1,1
47,Colin,Firth,ColinFirth,0010.jpg,47_Colin_Firth_0010.jpg,accuracy,1,1,1
47,Colin,Firth,ColinFirth,0013.jpg,47_Colin_Firth_0013.jpg,accuracy,1,1,1
48,Colin,Firth,ColinFirth,0009.jpg,48_Colin_Firth_0009.jpg,accuracy,1,1,1
48,Colin,Firth,ColinFirth,0010.jpg,48_Colin_Firth_0010.jpg,accuracy,1,1,1
49,Colin,Firth,ColinFirth,0004.jpg,49_Colin_Firth_0004.jpg,accuracy,1,1,1
51,Colin,Firth,ColinFirth,0002.jpg,51_Colin_Firth_0002.jpg,accuracy,1,1,1
51,Colin,Firth,ColinFirth,0008.jpg,51_Colin_Firth_0008.jpg,accuracy,1,1,1
52,Colin,Firth,ColinFirth,0003.jpg,52_Colin_Firth_0003.jpg,accuracy,1,1,1
52,Colin,Firth,ColinFirth,0012.jpg,52_Colin_Firth_0012.jpg,accuracy,1,1,1
53,Colin,Firth,ColinFirth,0001.jpg,53_Colin_Firth_0001.jpg,accuracy,1,1,1
47,Tilda,Swinton,TildaSwinton,0007.jpg,47_Tilda_Swinton_0007.jpg,accuracy,1,1,1
48,Tilda,Swinton,TildaSwinton,0012.jpg,48_Tilda_Swinton_0012.jpg,accuracy,1,1,1
48,Tilda,Swinton,TildaSwinton,0015.jpg,48_Tilda_Swinton_0015.jpg,accuracy,1,1,1
49,Tilda,Swinton,TildaSwinton,0009.jpg,49_Tilda_Swinton_0009.jpg,accuracy,1,0,0
49,Tilda,Swinton,TildaSwinton,0013.jpg,49_Tilda_Swinton_0013.jpg,accuracy,1,1,1
51,Tilda,Swinton,TildaSwinton,0004.jpg,51_Tilda_Swinton_0004.jpg,accuracy,1,1,1
51,Tilda,Swinton,TildaSwinton,0005.jpg,51_Tilda_Swinton_0005.jpg,accuracy,1,1,1
52,Tilda,Swinton,TildaSwinton,0014.jpg,52_Tilda_Swinton_0014.jpg,accuracy,0,0,0
53,Tilda,Swinton,TildaSwinton,0005.jpg,53_Tilda_Swinton_0005.jpg,accuracy,1,1,1
53,Tilda,Swinton,TildaSwinton,0007.jpg,53_Tilda_Swinton_0007.jpg,accuracy,1,1,1
53,Tilda,Swinton,TildaSwinton,0013.jpg,53_Tilda_Swinton_0013.jpg,accuracy,1,1,1
44,Hugh,Grant,HughGrant,0004.jpg,44_Hugh_Grant_0004.jpg,accuracy,1,1,1
44,Hugh,Grant,HughGrant,0010.jpg,44_Hugh_Grant_0010.jpg,accuracy,1,1,1
44,Hugh,Grant,HughGrant,0014.jpg,44_Hugh_Grant_0014.jpg,accuracy,1,1,1
44,Hugh,Grant,HughGrant,0015.jpg,44_Hugh_Grant_0015.jpg,accuracy,1,1,1
46,Hugh,Grant,HughGrant,0003.jpg,46_Hugh_Grant_0003.jpg,accuracy,1,1,1
46,Hugh,Grant,HughGrant,0004.jpg,46_Hugh_Grant_0004.jpg,accuracy,1,1,1
46,Hugh,Grant,HughGrant,0013.jpg,46_Hugh_Grant_0013.jpg,accuracy,1,1,1
46,Hugh,Grant,HughGrant,0014.jpg,46_Hugh_Grant_0014.jpg,accuracy,1,0,0
47,Hugh,Grant,HughGrant,0002.jpg,47_Hugh_Grant_0002.jpg,accuracy,1,1,1
47,Hugh,Grant,HughGrant,0013.jpg,47_Hugh_Grant_0013.jpg,accuracy,1,1,1
48,Hugh,Grant,HughGrant,0016.jpg,48_Hugh_Grant_0016.jpg,accuracy,0,0,0
50,Hugh,Grant,HughGrant,0007.jpg,50_Hugh_Grant_0007.jpg,accuracy,1,1,1
51,Hugh,Grant,HughGrant,0001.jpg,51_Hugh_Grant_0001.jpg,accuracy,1,1,1
51,Hugh,Grant,HughGrant,0006.jpg,51_Hugh_Grant_0006.jpg,accuracy,1,1,1
51,Kristin,Scott,KristinScottThomas,0001.jpg,44_Kristin_Scott_Thomas_0012.jpg,accuracy,1,1,1
50,Kristin,Scott,KristinScottThomas,0003.jpg,48_Kristin_Scott_Thomas_0008.jpg,accuracy,1,1,1
50,Kristin,Scott,KristinScottThomas,0004.jpg,50_Kristin_Scott_Thomas_0003.jpg,accuracy,1,1,1
52,Kristin,Scott,KristinScottThomas,0005.jpg,50_Kristin_Scott_Thomas_0004.jpg,accuracy,1,1,1
48,Kristin,Scott,KristinScottThomas,0008.jpg,51_Kristin_Scott_Thomas_0001.jpg,accuracy,1,0,0
52,Kristin,Scott,KristinScottThomas,0009.jpg,52_Kristin_Scott_Thomas_0005.jpg,accuracy,1,1,1
44,Kristin,Scott,KristinScottThomas,0012.jpg,52_Kristin_Scott_Thomas_0009.jpg,accuracy,1,1,1
44,Jane,Lynch,JaneLynch,0002.jpg,44_Jane_Lynch_0002.jpg,accuracy,1,1,1
44,Jane,Lynch,JaneLynch,0013.jpg,44_Jane_Lynch_0013.jpg,accuracy,1,1,1
45,Jane,Lynch,JaneLynch,0014.jpg,45_Jane_Lynch_0014.jpg,accuracy,1,1,1
48,Jane,Lynch,JaneLynch,0006.jpg,48_Jane_Lynch_0006.jpg,accuracy,1,0,0
48,Jane,Lynch,JaneLynch,0007.jpg,48_Jane_Lynch_0007.jpg,accuracy,1,1,1
49,Jane,Lynch,JaneLynch,0005.jpg,49_Jane_Lynch_0005.jpg,accuracy,1,1,1
50,Jane,Lynch,JaneLynch,0012.jpg,50_Jane_Lynch_0012.jpg,accuracy,1,1,1
51,Jane,Lynch,JaneLynch,0001.jpg,51_Jane_Lynch_0001.jpg,accuracy,1,1,1
51,Jane,Lynch,JaneLynch,0003.jpg,51_Jane_Lynch_0003.jpg,accuracy,1,1,1
51,Jane,Lynch,JaneLynch,0005.jpg,51_Jane_Lynch_0005.jpg,accuracy,1,0,0
51,Jane,Lynch,JaneLynch,0007.jpg,51_Jane_Lynch_0007.jpg,accuracy,1,1,1
51,Jane,Lynch,JaneLynch,0015.jpg,51_Jane_Lynch_0015.jpg,accuracy,1,1,1
52,Jane,Lynch,JaneLynch,0001.jpg,52_Jane_Lynch_0001.jpg,accuracy,1,1,1
52,Jane,Lynch,JaneLynch,0005.jpg,52_Jane_Lynch_0005.jpg,accuracy,1,1,1
53,Jane,Lynch,JaneLynch,0001.jpg,53_Jane_Lynch_0001.jpg,accuracy,1,1,1
53,Jane,Lynch,JaneLynch,0004.jpg,53_Jane_Lynch_0004.jpg,accuracy,1,1,1
53,Jane,Lynch,JaneLynch,0009.jpg,53_Jane_Lynch_0009.jpg,accuracy,1,1,1
43,George,Clooney,GeorgeClooney,0002.jpg,43_George_Clooney_0002.jpg,accuracy,1,1,1
43,George,Clooney,GeorgeClooney,0005.jpg,43_George_Clooney_0005.jpg,accuracy,1,1,1
43,George,Clooney,GeorgeClooney,0009.jpg,43_George_Clooney_0009.jpg,accuracy,1,1,1
44,George,Clooney,GeorgeClooney,0004.jpg,44_George_Clooney_0004.jpg,accuracy,1,1,1
44,George,Clooney,GeorgeClooney,0005.jpg,44_George_Clooney_0005.jpg,accuracy,1,1,1
44,George,Clooney,GeorgeClooney,0014.jpg,44_George_Clooney_0014.jpg,accuracy,1,1,1
45,George,Clooney,GeorgeClooney,0011.jpg,45_George_Clooney_0011.jpg,accuracy,1,1,1
47,George,Clooney,GeorgeClooney,0008.jpg,47_George_Clooney_0008.jpg,accuracy,1,1,1
47,George,Clooney,GeorgeClooney,0009.jpg,47_George_Clooney_0009.jpg,accuracy,1,1,1
48,George,Clooney,GeorgeClooney,0004.jpg,48_George_Clooney_0004.jpg,accuracy,1,1,1
48,George,Clooney,GeorgeClooney,0008.jpg,48_George_Clooney_0008.jpg,accuracy,1,1,1
49,George,Clooney,GeorgeClooney,0001.jpg,49_George_Clooney_0001.jpg,accuracy,1,1,1
49,George,Clooney,GeorgeClooney,0002.jpg,49_George_Clooney_0002.jpg,accuracy,1,1,1
49,George,Clooney,GeorgeClooney,0013.jpg,49_George_Clooney_0013.jpg,accuracy,1,1,1
52,George,Clooney,GeorgeClooney,0009.jpg,52_George_Clooney_0009.jpg,accuracy,1,1,1
44,Meg,Ryan,MegRyan,0004.jpg,44_Meg_Ryan_0004.jpg,accuracy,1,1,1
44,Meg,Ryan,MegRyan,0006.jpg,44_Meg_Ryan_0006.jpg,accuracy,1,1,1
46,Meg,Ryan,MegRyan,0014.jpg,46_Meg_Ryan_0014.jpg,accuracy,1,1,1
47,Meg,Ryan,MegRyan,0013.jpg,47_Meg_Ryan_0013.jpg,accuracy,1,1,1
48,Meg,Ryan,MegRyan,0005.jpg,48_Meg_Ryan_0005.jpg,accuracy,1,1,1
49,Meg,Ryan,MegRyan,0008.jpg,49_Meg_Ryan_0008.jpg,accuracy,1,1,1
50,Meg,Ryan,MegRyan,0002.jpg,50_Meg_Ryan_0002.jpg,accuracy,1,1,1
51,Meg,Ryan,MegRyan,0008.jpg,51_Meg_Ryan_0008.jpg,accuracy,1,1,1
52,Meg,Ryan,MegRyan,0014.jpg,52_Meg_Ryan_0014.jpg,accuracy,1,1,1
52,Meg,Ryan,MegRyan,0017.jpg,52_Meg_Ryan_0017.jpg,accuracy,1,1,1
44,Dylan,McDermott,DylanMcDermott,0003.jpg,44_Dylan_McDermott_0003.jpg,accuracy,1,1,1
47,Dylan,McDermott,DylanMcDermott,0004.jpg,47_Dylan_McDermott_0004.jpg,accuracy,1,1,1
47,Dylan,McDermott,DylanMcDermott,0009.jpg,47_Dylan_McDermott_0009.jpg,accuracy,1,1,1
47,Dylan,McDermott,DylanMcDermott,0014.jpg,47_Dylan_McDermott_0014.jpg,accuracy,1,1,1
48,Dylan,McDermott,DylanMcDermott,0013.jpg,48_Dylan_McDermott_0013.jpg,accuracy,1,1,1
48,Dylan,McDermott,DylanMcDermott,0017.jpg,48_Dylan_McDermott_0017.jpg,accuracy,1,1,1
49,Dylan,McDermott,DylanMcDermott,0001.jpg,49_Dylan_McDermott_0001.jpg,accuracy,1,1,1
50,Dylan,McDermott,DylanMcDermott,0010.jpg,50_Dylan_McDermott_0010.jpg,accuracy,1,1,1
51,Dylan,McDermott,DylanMcDermott,0009.jpg,51_Dylan_McDermott_0009.jpg,accuracy,1,1,1
45,Robert,Carlyle,RobertCarlyle,0001.jpg,45_Robert_Carlyle_0001.jpg,accuracy,1,1,1
46,Robert,Carlyle,RobertCarlyle,0012.jpg,46_Robert_Carlyle_0012.jpg,accuracy,1,1,1
49,Robert,Carlyle,RobertCarlyle,0009.jpg,49_Robert_Carlyle_0009.jpg,accuracy,1,1,1
49,Robert,Carlyle,RobertCarlyle,0011.jpg,49_Robert_Carlyle_0011.jpg,accuracy,1,1,1
50,Robert,Carlyle,RobertCarlyle,0009.jpg,50_Robert_Carlyle_0009.jpg,accuracy,1,1,1
51,Robert,Carlyle,RobertCarlyle,0008.jpg,51_Robert_Carlyle_0008.jpg,accuracy,0,1,0
52,Robert,Carlyle,RobertCarlyle,0009.jpg,52_Robert_Carlyle_0009.jpg,accuracy,1,1,1
52,Robert,Carlyle,RobertCarlyle,0014.jpg,52_Robert_Carlyle_0014.jpg,accuracy,1,1,1
52,Robert,Carlyle,RobertCarlyle,0015.jpg,52_Robert_Carlyle_0015.jpg,accuracy,1,1,1
45,James,Gandolfini,JamesGandolfini,0006.jpg,45_James_Gandolfini_0006.jpg,accuracy,1,1,1
46,James,Gandolfini,JamesGandolfini,0013.jpg,46_James_Gandolfini_0013.jpg,accuracy,1,1,1
47,James,Gandolfini,JamesGandolfini,0007.jpg,47_James_Gandolfini_0007.jpg,accuracy,1,1,1
47,James,Gandolfini,JamesGandolfini,0013.jpg,47_James_Gandolfini_0013.jpg,accuracy,1,1,1
48,James,Gandolfini,JamesGandolfini,0006.jpg,48_James_Gandolfini_0006.jpg,accuracy,1,1,1
50,James,Gandolfini,JamesGandolfini,0003.jpg,50_James_Gandolfini_0003.jpg,accuracy,1,1,1
44,Heather,Locklear,HeatherLocklear,0009.jpg,44_Heather_Locklear_0009.jpg,accuracy,1,1,1
45,Heather,Locklear,HeatherLocklear,0006.jpg,45_Heather_Locklear_0006.jpg,accuracy,1,1,1
46,Heather,Locklear,HeatherLocklear,0006.jpg,46_Heather_Locklear_0006.jpg,accuracy,1,1,1
50,Heather,Locklear,HeatherLocklear,0001.jpg,50_Heather_Locklear_0001.jpg,accuracy,1,1,1
50,Heather,Locklear,HeatherLocklear,0013.jpg,50_Heather_Locklear_0013.jpg,accuracy,1,1,1
51,Heather,Locklear,HeatherLocklear,0009.jpg,51_Heather_Locklear_0009.jpg,accuracy,1,1,1
52,Heather,Locklear,HeatherLocklear,0005.jpg,52_Heather_Locklear_0005.jpg,accuracy,1,1,1
52,Heather,Locklear,HeatherLocklear,0010.jpg,52_Heather_Locklear_0010.jpg,accuracy,1,1,1
45,Julia,Louis-Dreyfus,JuliaLouis-Dreyfus,0006.jpg,45_Julia_Louis-Dreyfus_0006.jpg,accuracy,1,1,1
49,Julia,Louis-Dreyfus,JuliaLouis-Dreyfus,0002.jpg,49_Julia_Louis-Dreyfus_0002.jpg,accuracy,1,1,1
50,Julia,Louis-Dreyfus,JuliaLouis-Dreyfus,0004.jpg,50_Julia_Louis-Dreyfus_0004.jpg,accuracy,1,1,1
50,Julia,Louis-Dreyfus,JuliaLouis-Dreyfus,0016.jpg,50_Julia_Louis-Dreyfus_0016.jpg,accuracy,1,1,1
51,Julia,Louis-Dreyfus,JuliaLouis-Dreyfus,0002.jpg,51_Julia_Louis-Dreyfus_0002.jpg,accuracy,1,1,1
51,Julia,Louis-Dreyfus,JuliaLouis-Dreyfus,0007.jpg,51_Julia_Louis-Dreyfus_0007.jpg,accuracy,1,1,1
52,Julia,Louis-Dreyfus,JuliaLouis-Dreyfus,0009.jpg,52_Julia_Louis-Dreyfus_0009.jpg,accuracy,1,1,1
43,Eddie,Murphy,EddieMurphy,0012.jpg,43_Eddie_Murphy_0012.jpg,accuracy,1,1,1
44,Eddie,Murphy,EddieMurphy,0012.jpg,44_Eddie_Murphy_0012.jpg,accuracy,1,1,1
44,Eddie,Murphy,EddieMurphy,0014.jpg,44_Eddie_Murphy_0014.jpg,accuracy,0,0,0
45,Eddie,Murphy,EddieMurphy,0002.jpg,45_Eddie_Murphy_0002.jpg,accuracy,1,1,1
45,Eddie,Murphy,EddieMurphy,0005.jpg,45_Eddie_Murphy_0005.jpg,accuracy,1,1,1
45,Eddie,Murphy,EddieMurphy,0010.jpg,45_Eddie_Murphy_0010.jpg,accuracy,1,1,1
47,Eddie,Murphy,EddieMurphy,0003.jpg,47_Eddie_Murphy_0003.jpg,accuracy,1,1,1
47,Eddie,Murphy,EddieMurphy,0009.jpg,47_Eddie_Murphy_0009.jpg,accuracy,1,1,1
50,Eddie,Murphy,EddieMurphy,0004.jpg,50_Eddie_Murphy_0004.jpg,accuracy,1,1,1
52,Eddie,Murphy,EddieMurphy,0013.jpg,52_Eddie_Murphy_0013.jpg,accuracy,1,1,1
52,Eddie,Murphy,EddieMurphy,0014.jpg,52_Eddie_Murphy_0014.jpg,accuracy,1,1,1
43,Peter,Jackson,PeterJackson,0003.jpg,43_Peter_Jackson_0003.jpg,accuracy,1,1,1
43,Peter,Jackson,PeterJackson,0006.jpg,43_Peter_Jackson_0006.jpg,accuracy,1,1,1
44,Peter,Jackson,PeterJackson,0004.jpg,44_Peter_Jackson_0004.jpg,accuracy,1,1,1
44,Peter,Jackson,PeterJackson,0005.jpg,44_Peter_Jackson_0005.jpg,accuracy,0,0,0
45,Peter,Jackson,PeterJackson,0008.jpg,45_Peter_Jackson_0008.jpg,accuracy,1,1,1
45,Peter,Jackson,PeterJackson,0013.jpg,45_Peter_Jackson_0013.jpg,accuracy,1,1,1
46,Peter,Jackson,PeterJackson,0016.jpg,46_Peter_Jackson_0016.jpg,accuracy,1,1,1
47,Peter,Jackson,PeterJackson,0008.jpg,47_Peter_Jackson_0008.jpg,accuracy,0,0,0
49,Peter,Jackson,PeterJackson,0009.jpg,49_Peter_Jackson_0009.jpg,accuracy,1,1,1
49,Peter,Jackson,PeterJackson,0013.jpg,49_Peter_Jackson_0013.jpg,accuracy,1,1,1
49,Peter,Jackson,PeterJackson,0017.jpg,49_Peter_Jackson_0017.jpg,accuracy,1,0,0
50,Peter,Jackson,PeterJackson,0002.jpg,50_Peter_Jackson_0002.jpg,accuracy,1,1,1
50,Peter,Jackson,PeterJackson,0010.jpg,50_Peter_Jackson_0010.jpg,accuracy,1,1,1
50,Peter,Jackson,PeterJackson,0012.jpg,50_Peter_Jackson_0012.jpg,accuracy,1,1,1
51,Peter,Jackson,PeterJackson,0002.jpg,51_Peter_Jackson_0002.jpg,accuracy,1,1,1
52,Peter,Jackson,PeterJackson,0003.jpg,52_Peter_Jackson_0003.jpg,accuracy,1,1,1
45,Christopher,Meloni,ChristopherMeloni,0003.jpg,45_Christopher_Meloni_0003.jpg,accuracy,1,1,1
45,Christopher,Meloni,ChristopherMeloni,0009.jpg,45_Christopher_Meloni_0009.jpg,accuracy,1,1,1
48,Christopher,Meloni,ChristopherMeloni,0002.jpg,48_Christopher_Meloni_0002.jpg,accuracy,1,1,1
48,Christopher,Meloni,ChristopherMeloni,0007.jpg,48_Christopher_Meloni_0007.jpg,accuracy,1,1,1
48,Christopher,Meloni,ChristopherMeloni,0008.jpg,48_Christopher_Meloni_0008.jpg,accuracy,1,1,1
49,Christopher,Meloni,ChristopherMeloni,0012.jpg,49_Christopher_Meloni_0012.jpg,accuracy,1,1,1
49,Christopher,Meloni,ChristopherMeloni,0014.jpg,49_Christopher_Meloni_0014.jpg,accuracy,1,1,1
50,Christopher,Meloni,ChristopherMeloni,0001.jpg,50_Christopher_Meloni_0001.jpg,accuracy,1,1,1
50,Christopher,Meloni,ChristopherMeloni,0009.jpg,50_Christopher_Meloni_0009.jpg,accuracy,1,1,1
50,Christopher,Meloni,ChristopherMeloni,0011.jpg,50_Christopher_Meloni_0011.jpg,accuracy,1,1,1
51,Christopher,Meloni,ChristopherMeloni,0002.jpg,51_Christopher_Meloni_0002.jpg,accuracy,1,1,1
51,Christopher,Meloni,ChristopherMeloni,0003.jpg,51_Christopher_Meloni_0003.jpg,accuracy,1,1,1
51,Christopher,Meloni,ChristopherMeloni,0004.jpg,51_Christopher_Meloni_0004.jpg,accuracy,1,1,1
51,Christopher,Meloni,ChristopherMeloni,0006.jpg,51_Christopher_Meloni_0006.jpg,accuracy,1,1,1
52,Christopher,Meloni,ChristopherMeloni,0003.jpg,52_Christopher_Meloni_0003.jpg,accuracy,1,1,1
52,Christopher,Meloni,ChristopherMeloni,0004.jpg,52_Christopher_Meloni_0004.jpg,accuracy,1,1,1
44,Ricky,Gervais,RickyGervais,0008.jpg,44_Ricky_Gervais_0008.jpg,accuracy,0,0,0
48,Ricky,Gervais,RickyGervais,0002.jpg,48_Ricky_Gervais_0002.jpg,accuracy,0,0,0
48,Ricky,Gervais,RickyGervais,0003.jpg,48_Ricky_Gervais_0003.jpg,accuracy,0,0,0
49,Ricky,Gervais,RickyGervais,0014.jpg,49_Ricky_Gervais_0014.jpg,accuracy,0,0,0
43,Laurence,Fishburne,LaurenceFishburne,0001.jpg,43_Laurence_Fishburne_0001.jpg,accuracy,1,1,1
45,Laurence,Fishburne,LaurenceFishburne,0006.jpg,45_Laurence_Fishburne_0006.jpg,accuracy,1,1,1
48,Laurence,Fishburne,LaurenceFishburne,0008.jpg,48_Laurence_Fishburne_0008.jpg,accuracy,1,1,1
50,Laurence,Fishburne,LaurenceFishburne,0008.jpg,50_Laurence_Fishburne_0008.jpg,accuracy,1,1,1
51,Laurence,Fishburne,LaurenceFishburne,0005.jpg,51_Laurence_Fishburne_0005.jpg,accuracy,1,1,1
52,Laurence,Fishburne,LaurenceFishburne,0007.jpg,52_Laurence_Fishburne_0007.jpg,accuracy,0,0,0
52,Laurence,Fishburne,LaurenceFishburne,0012.jpg,52_Laurence_Fishburne_0012.jpg,accuracy,1,1,1
47,John,Corbett,JohnCorbett,0011.jpg,47_John_Corbett_0011.jpg,accuracy,1,1,1
47,John,Corbett,JohnCorbett,0012.jpg,47_John_Corbett_0012.jpg,accuracy,1,1,1
49,John,Corbett,JohnCorbett,0001.jpg,49_John_Corbett_0001.jpg,accuracy,1,1,1
51,John,Corbett,JohnCorbett,0003.jpg,51_John_Corbett_0003.jpg,accuracy,1,1,1
52,John,Corbett,JohnCorbett,0003.jpg,52_John_Corbett_0003.jpg,accuracy,1,1,1
52,John,Corbett,JohnCorbett,0007.jpg,52_John_Corbett_0007.jpg,accuracy,1,1,1
52,John,Corbett,JohnCorbett,0008.jpg,52_John_Corbett_0008.jpg,accuracy,1,1,1
52,John,Corbett,JohnCorbett,0015.jpg,52_John_Corbett_0015.jpg,accuracy,1,1,1
43,Aaron,Sorkin,AaronSorkin,0003.jpg,43_Aaron_Sorkin_0003.jpg,accuracy,1,1,1
44,Aaron,Sorkin,AaronSorkin,0002.jpg,44_Aaron_Sorkin_0002.jpg,accuracy,1,1,1
45,Aaron,Sorkin,AaronSorkin,0008.jpg,45_Aaron_Sorkin_0008.jpg,accuracy,1,1,1
45,Aaron,Sorkin,AaronSorkin,0011.jpg,45_Aaron_Sorkin_0011.jpg,accuracy,0,1,0
47,Aaron,Sorkin,AaronSorkin,0004.jpg,47_Aaron_Sorkin_0004.jpg,accuracy,1,1,1
47,Aaron,Sorkin,AaronSorkin,0007.jpg,47_Aaron_Sorkin_0007.jpg,accuracy,1,1,1
47,Aaron,Sorkin,AaronSorkin,0011.jpg,47_Aaron_Sorkin_0011.jpg,accuracy,1,1,1
49,Aaron,Sorkin,AaronSorkin,0001.jpg,49_Aaron_Sorkin_0001.jpg,accuracy,1,1,1
49,Aaron,Sorkin,AaronSorkin,0006.jpg,49_Aaron_Sorkin_0006.jpg,accuracy,1,1,1
50,Aaron,Sorkin,AaronSorkin,0002.jpg,50_Aaron_Sorkin_0002.jpg,accuracy,1,1,1
50,Aaron,Sorkin,AaronSorkin,0015.jpg,50_Aaron_Sorkin_0015.jpg,accuracy,1,1,1
51,Aaron,Sorkin,AaronSorkin,0001.jpg,51_Aaron_Sorkin_0001.jpg,accuracy,1,1,1
51,Aaron,Sorkin,AaronSorkin,0005.jpg,51_Aaron_Sorkin_0005.jpg,accuracy,1,1,1
51,Aaron,Sorkin,AaronSorkin,0007.jpg,51_Aaron_Sorkin_0007.jpg,accuracy,1,1,1
52,Aaron,Sorkin,AaronSorkin,0001.jpg,52_Aaron_Sorkin_0001.jpg,accuracy,1,1,1
52,Aaron,Sorkin,AaronSorkin,0003.jpg,52_Aaron_Sorkin_0003.jpg,accuracy,1,1,1
42,Tom,Cruise,TomCruise,0004.jpg,42_Tom_Cruise_0004.jpg,accuracy,1,1,1
44,Tom,Cruise,TomCruise,0007.jpg,44_Tom_Cruise_0007.jpg,accuracy,1,1,1
45,Tom,Cruise,TomCruise,0010.jpg,45_Tom_Cruise_0010.jpg,accuracy,1,1,1
46,Tom,Cruise,TomCruise,0002.jpg,46_Tom_Cruise_0002.jpg,accuracy,1,1,1
46,Tom,Cruise,TomCruise,0013.jpg,46_Tom_Cruise_0013.jpg,accuracy,1,1,1
47,Tom,Cruise,TomCruise,0009.jpg,47_Tom_Cruise_0009.jpg,accuracy,1,1,1
48,Tom,Cruise,TomCruise,0013.jpg,48_Tom_Cruise_0013.jpg,accuracy,1,1,1
49,Tom,Cruise,TomCruise,0005.jpg,49_Tom_Cruise_0005.jpg,accuracy,1,1,1
50,Tom,Cruise,TomCruise,0014.jpg,50_Tom_Cruise_0014.jpg,accuracy,1,1,1
51,Tom,Cruise,TomCruise,0013.jpg,51_Tom_Cruise_0013.jpg,accuracy,1,1,1
51,Tom,Cruise,TomCruise,0014.jpg,51_Tom_Cruise_0014.jpg,accuracy,1,1,1
43,Jim,Carrey,JimCarrey,0005.jpg,43_Jim_Carrey_0005.jpg,accuracy,1,1,1
45,Jim,Carrey,JimCarrey,0001.jpg,45_Jim_Carrey_0001.jpg,accuracy,1,1,1
45,Jim,Carrey,JimCarrey,0013.jpg,45_Jim_Carrey_0013.jpg,accuracy,1,1,1
47,Jim,Carrey,JimCarrey,0006.jpg,47_Jim_Carrey_0006.jpg,accuracy,1,1,1
47,Jim,Carrey,JimCarrey,0014.jpg,47_Jim_Carrey_0014.jpg,accuracy,1,1,1
48,Jim,Carrey,JimCarrey,0008.jpg,48_Jim_Carrey_0008.jpg,accuracy,1,1,1
48,Jim,Carrey,JimCarrey,0013.jpg,48_Jim_Carrey_0013.jpg,accuracy,1,1,1
48,Jim,Carrey,JimCarrey,0015.jpg,48_Jim_Carrey_0015.jpg,accuracy,1,1,1
48,Jim,Carrey,JimCarrey,0016.jpg,48_Jim_Carrey_0016.jpg,accuracy,1,1,1
49,Jim,Carrey,JimCarrey,0006.jpg,49_Jim_Carrey_0006.jpg,accuracy,1,1,1
50,Jim,Carrey,JimCarrey,0005.jpg,50_Jim_Carrey_0005.jpg,accuracy,1,1,1
50,Jim,Carrey,JimCarrey,0006.jpg,50_Jim_Carrey_0006.jpg,accuracy,1,1,1
50,Jim,Carrey,JimCarrey,0007.jpg,50_Jim_Carrey_0007.jpg,accuracy,1,1,1
43,Ralph,Fiennes,RalphFiennes,0006.jpg,43_Ralph_Fiennes_0006.jpg,accuracy,1,1,1
43,Ralph,Fiennes,RalphFiennes,0008.jpg,43_Ralph_Fiennes_0008.jpg,accuracy,1,1,1
43,Ralph,Fiennes,RalphFiennes,0014.jpg,43_Ralph_Fiennes_0014.jpg,accuracy,1,1,1
45,Ralph,Fiennes,RalphFiennes,0007.jpg,45_Ralph_Fiennes_0007.jpg,accuracy,1,1,1
46,Ralph,Fiennes,RalphFiennes,0007.jpg,46_Ralph_Fiennes_0007.jpg,accuracy,1,1,1
48,Ralph,Fiennes,RalphFiennes,0007.jpg,48_Ralph_Fiennes_0007.jpg,accuracy,1,1,1
48,Ralph,Fiennes,RalphFiennes,0015.jpg,48_Ralph_Fiennes_0015.jpg,accuracy,1,1,1
50,Ralph,Fiennes,RalphFiennes,0010.jpg,50_Ralph_Fiennes_0010.jpg,accuracy,1,1,1
50,Ralph,Fiennes,RalphFiennes,0011.jpg,50_Ralph_Fiennes_0011.jpg,accuracy,1,1,1
51,Ralph,Fiennes,RalphFiennes,0004.jpg,51_Ralph_Fiennes_0004.jpg,accuracy,1,1,1
51,Ralph,Fiennes,RalphFiennes,0010.jpg,51_Ralph_Fiennes_0010.jpg,accuracy,1,1,1
42,Steve,Carell,SteveCarell,0005.jpg,42_Steve_Carell_0005.jpg,accuracy,1,1,1
44,Steve,Carell,SteveCarell,0012.jpg,44_Steve_Carell_0012.jpg,accuracy,1,1,1
44,Steve,Carell,SteveCarell,0014.jpg,44_Steve_Carell_0014.jpg,accuracy,1,1,1
45,Steve,Carell,SteveCarell,0010.jpg,45_Steve_Carell_0010.jpg,accuracy,1,1,1
45,Steve,Carell,SteveCarell,0012.jpg,45_Steve_Carell_0012.jpg,accuracy,1,1,1
45,Steve,Carell,SteveCarell,0015.jpg,45_Steve_Carell_0015.jpg,accuracy,1,1,1
46,Steve,Carell,SteveCarell,0013.jpg,46_Steve_Carell_0013.jpg,accuracy,1,1,1
46,Steve,Carell,SteveCarell,0014.jpg,46_Steve_Carell_0014.jpg,accuracy,1,1,1
47,Steve,Carell,SteveCarell,0004.jpg,47_Steve_Carell_0004.jpg,accuracy,0,0,0
47,Steve,Carell,SteveCarell,0006.jpg,47_Steve_Carell_0006.jpg,accuracy,1,1,1
48,Steve,Carell,SteveCarell,0005.jpg,48_Steve_Carell_0005.jpg,accuracy,1,1,1
49,Steve,Carell,SteveCarell,0001.jpg,49_Steve_Carell_0001.jpg,accuracy,1,1,1
49,Steve,Carell,SteveCarell,0009.jpg,49_Steve_Carell_0009.jpg,accuracy,1,1,1
50,Steve,Carell,SteveCarell,0006.jpg,50_Steve_Carell_0006.jpg,accuracy,1,1,1
51,Steve,Carell,SteveCarell,0015.jpg,51_Steve_Carell_0015.jpg,accuracy,1,1,1
43,Jodie,Foster,JodieFoster,0005.jpg,43_Jodie_Foster_0005.jpg,accuracy,1,1,1
43,Jodie,Foster,JodieFoster,0008.jpg,43_Jodie_Foster_0008.jpg,accuracy,1,1,1
44,Jodie,Foster,JodieFoster,0005.jpg,44_Jodie_Foster_0005.jpg,accuracy,1,1,1
44,Jodie,Foster,JodieFoster,0008.jpg,44_Jodie_Foster_0008.jpg,accuracy,1,1,1
44,Jodie,Foster,JodieFoster,0015.jpg,44_Jodie_Foster_0015.jpg,accuracy,1,1,1
44,Jodie,Foster,JodieFoster,0019.jpg,44_Jodie_Foster_0019.jpg,accuracy,1,1,1
47,Jodie,Foster,JodieFoster,0003.jpg,47_Jodie_Foster_0003.jpg,accuracy,1,1,1
48,Jodie,Foster,JodieFoster,0009.jpg,48_Jodie_Foster_0009.jpg,accuracy,1,1,1
48,Jodie,Foster,JodieFoster,0015.jpg,48_Jodie_Foster_0015.jpg,accuracy,1,1,1
49,Jodie,Foster,JodieFoster,0002.jpg,49_Jodie_Foster_0002.jpg,accuracy,1,1,1
49,Jodie,Foster,JodieFoster,0010.jpg,49_Jodie_Foster_0010.jpg,accuracy,1,1,1
50,Jodie,Foster,JodieFoster,0010.jpg,50_Jodie_Foster_0010.jpg,accuracy,1,1,1
51,Jodie,Foster,JodieFoster,0008.jpg,51_Jodie_Foster_0008.jpg,accuracy,1,1,1
51,Jodie,Foster,JodieFoster,0011.jpg,51_Jodie_Foster_0011.jpg,accuracy,1,1,1
51,Jodie,Foster,JodieFoster,0014.jpg,51_Jodie_Foster_0014.jpg,accuracy,1,1,1
45,Demi,Moore,DemiMoore,0012.jpg,45_Demi_Moore_0012.jpg,accuracy,1,1,1
47,Demi,Moore,DemiMoore,0007.jpg,47_Demi_Moore_0007.jpg,accuracy,1,1,1
47,Demi,Moore,DemiMoore,0011.jpg,47_Demi_Moore_0011.jpg,accuracy,1,1,1
48,Demi,Moore,DemiMoore,0006.jpg,48_Demi_Moore_0006.jpg,accuracy,1,1,1
49,Demi,Moore,DemiMoore,0002.jpg,49_Demi_Moore_0002.jpg,accuracy,1,1,1
49,Demi,Moore,DemiMoore,0003.jpg,49_Demi_Moore_0003.jpg,accuracy,1,1,1
49,Demi,Moore,DemiMoore,0008.jpg,49_Demi_Moore_0008.jpg,accuracy,1,1,1
50,Demi,Moore,DemiMoore,0003.jpg,50_Demi_Moore_0003.jpg,accuracy,1,1,1
50,Demi,Moore,DemiMoore,0008.jpg,50_Demi_Moore_0008.jpg,accuracy,1,1,1
50,Demi,Moore,DemiMoore,0014.jpg,50_Demi_Moore_0014.jpg,accuracy,1,1,1
51,Demi,Moore,DemiMoore,0011.jpg,51_Demi_Moore_0011.jpg,accuracy,1,1,1
51,Demi,Moore,DemiMoore,0017.jpg,51_Demi_Moore_0017.jpg,accuracy,1,1,1
43,Matthew,Broderick,MatthewBroderick,0009.jpg,43_Matthew_Broderick_0009.jpg,accuracy,1,1,1
44,Matthew,Broderick,MatthewBroderick,0009.jpg,44_Matthew_Broderick_0009.jpg,accuracy,1,1,1
45,Matthew,Broderick,MatthewBroderick,0012.jpg,45_Matthew_Broderick_0012.jpg,accuracy,1,1,1
46,Matthew,Broderick,MatthewBroderick,0001.jpg,46_Matthew_Broderick_0001.jpg,accuracy,1,1,1
48,Matthew,Broderick,MatthewBroderick,0002.jpg,48_Matthew_Broderick_0002.jpg,accuracy,1,1,1
48,Matthew,Broderick,MatthewBroderick,0005.jpg,48_Matthew_Broderick_0005.jpg,accuracy,1,1,1
48,Matthew,Broderick,MatthewBroderick,0011.jpg,48_Matthew_Broderick_0011.jpg,accuracy,1,1,1
48,Matthew,Broderick,MatthewBroderick,0015.jpg,48_Matthew_Broderick_0015.jpg,accuracy,1,1,1
51,Matthew,Broderick,MatthewBroderick,0008.jpg,51_Matthew_Broderick_0008.jpg,accuracy,1,1,1
42,Wesley,Snipes,WesleySnipes,0012.jpg,42_Wesley_Snipes_0012.jpg,accuracy,1,1,1
43,Wesley,Snipes,WesleySnipes,0002.jpg,43_Wesley_Snipes_0002.jpg,accuracy,1,1,1
43,Wesley,Snipes,WesleySnipes,0006.jpg,43_Wesley_Snipes_0006.jpg,accuracy,1,1,1
45,Wesley,Snipes,WesleySnipes,0014.jpg,45_Wesley_Snipes_0014.jpg,accuracy,0,0,0
46,Wesley,Snipes,WesleySnipes,0014.jpg,46_Wesley_Snipes_0014.jpg,accuracy,1,1,1
49,Wesley,Snipes,WesleySnipes,0012.jpg,49_Wesley_Snipes_0012.jpg,accuracy,1,1,1
50,Wesley,Snipes,WesleySnipes,0005.jpg,50_Wesley_Snipes_0005.jpg,accuracy,1,1,1
47,James,Marsters,JamesMarsters,0006.jpg,47_James_Marsters_0006.jpg,accuracy,1,1,1
47,James,Marsters,JamesMarsters,0014.jpg,47_James_Marsters_0014.jpg,accuracy,1,1,1
49,James,Marsters,JamesMarsters,0002.jpg,49_James_Marsters_0002.jpg,accuracy,1,1,1
50,James,Marsters,JamesMarsters,0006.jpg,50_James_Marsters_0006.jpg,accuracy,1,1,1
50,James,Marsters,JamesMarsters,0008.jpg,50_James_Marsters_0008.jpg,accuracy,1,1,1
50,James,Marsters,JamesMarsters,0013.jpg,50_James_Marsters_0013.jpg,accuracy,1,1,1
51,James,Marsters,JamesMarsters,0003.jpg,51_James_Marsters_0003.jpg,accuracy,1,1,1
42,Kelly,Preston,KellyPreston,0001.jpg,42_Kelly_Preston_0001.jpg,accuracy,1,1,1
43,Kelly,Preston,KellyPreston,0010.jpg,43_Kelly_Preston_0010.jpg,accuracy,1,1,1
44,Kelly,Preston,KellyPreston,0007.jpg,44_Kelly_Preston_0007.jpg,accuracy,1,1,1
46,Kelly,Preston,KellyPreston,0001.jpg,46_Kelly_Preston_0001.jpg,accuracy,1,1,1
48,Kelly,Preston,KellyPreston,0006.jpg,48_Kelly_Preston_0006.jpg,accuracy,1,1,1
49,Kelly,Preston,KellyPreston,0010.jpg,49_Kelly_Preston_0010.jpg,accuracy,1,1,1
49,Kelly,Preston,KellyPreston,0016.jpg,49_Kelly_Preston_0016.jpg,accuracy,1,1,1
44,Andrew,McCarthy,AndrewMcCarthy,0015.jpg,44_Andrew_McCarthy_0015.jpg,accuracy,1,1,1
45,Andrew,McCarthy,AndrewMcCarthy,0007.jpg,45_Andrew_McCarthy_0007.jpg,accuracy,1,1,1
45,Andrew,McCarthy,AndrewMcCarthy,0012.jpg,45_Andrew_McCarthy_0012.jpg,accuracy,1,1,1
46,Andrew,McCarthy,AndrewMcCarthy,0006.jpg,46_Andrew_McCarthy_0006.jpg,accuracy,1,1,1
46,Andrew,McCarthy,AndrewMcCarthy,0009.jpg,46_Andrew_McCarthy_0009.jpg,accuracy,1,1,1
46,Andrew,McCarthy,AndrewMcCarthy,0012.jpg,46_Andrew_McCarthy_0012.jpg,accuracy,1,1,1
51,Andrew,McCarthy,AndrewMcCarthy,0001.jpg,51_Andrew_McCarthy_0001.jpg,accuracy,1,1,1
51,Andrew,McCarthy,AndrewMcCarthy,0005.jpg,51_Andrew_McCarthy_0005.jpg,accuracy,1,1,1
45,Baz,Luhrmann,BazLuhrmann,0005.jpg,45_Baz_Luhrmann_0005.jpg,accuracy,1,1,1
45,Baz,Luhrmann,BazLuhrmann,0006.jpg,45_Baz_Luhrmann_0006.jpg,accuracy,1,0,0
47,Baz,Luhrmann,BazLuhrmann,0007.jpg,47_Baz_Luhrmann_0007.jpg,accuracy,0,1,0
48,Baz,Luhrmann,BazLuhrmann,0008.jpg,48_Baz_Luhrmann_0008.jpg,accuracy,0,1,0
48,Baz,Luhrmann,BazLuhrmann,0011.jpg,48_Baz_Luhrmann_0011.jpg,accuracy,1,1,1
48,Baz,Luhrmann,BazLuhrmann,0013.jpg,48_Baz_Luhrmann_0013.jpg,accuracy,1,1,1
48,Baz,Luhrmann,BazLuhrmann,0014.jpg,48_Baz_Luhrmann_0014.jpg,accuracy,1,1,1
49,Baz,Luhrmann,BazLuhrmann,0001.jpg,49_Baz_Luhrmann_0001.jpg,accuracy,1,1,1
50,Baz,Luhrmann,BazLuhrmann,0001.jpg,50_Baz_Luhrmann_0001.jpg,accuracy,1,1,1
50,Baz,Luhrmann,BazLuhrmann,0003.jpg,50_Baz_Luhrmann_0003.jpg,accuracy,1,1,1
50,Baz,Luhrmann,BazLuhrmann,0014.jpg,50_Baz_Luhrmann_0014.jpg,accuracy,1,1,1
51,Baz,Luhrmann,BazLuhrmann,0003.jpg,51_Baz_Luhrmann_0003.jpg,accuracy,1,1,1
51,Baz,Luhrmann,BazLuhrmann,0005.jpg,51_Baz_Luhrmann_0005.jpg,accuracy,1,1,1
51,Baz,Luhrmann,BazLuhrmann,0013.jpg,51_Baz_Luhrmann_0013.jpg,accuracy,1,1,1
42,Eugenio,Derbez,EugenioDerbez,0001.jpg,42_Eugenio_Derbez_0001.jpg,accuracy,1,1,1
42,Eugenio,Derbez,EugenioDerbez,0008.jpg,42_Eugenio_Derbez_0008.jpg,accuracy,1,1,1
43,Eugenio,Derbez,EugenioDerbez,0010.jpg,43_Eugenio_Derbez_0010.jpg,accuracy,1,1,1
47,Eugenio,Derbez,EugenioDerbez,0008.jpg,47_Eugenio_Derbez_0008.jpg,accuracy,1,1,1
50,Eugenio,Derbez,EugenioDerbez,0001.jpg,50_Eugenio_Derbez_0001.jpg,accuracy,1,1,1
51,Eugenio,Derbez,EugenioDerbez,0014.jpg,51_Eugenio_Derbez_0014.jpg,accuracy,1,1,1
43,Jon,Stewart,JonStewart,0002.jpg,43_Jon_Stewart_0002.jpg,accuracy,1,1,1
44,Jon,Stewart,JonStewart,0001.jpg,44_Jon_Stewart_0001.jpg,accuracy,1,1,1
45,Jon,Stewart,JonStewart,0007.jpg,45_Jon_Stewart_0007.jpg,accuracy,1,1,1
47,Jon,Stewart,JonStewart,0009.jpg,47_Jon_Stewart_0009.jpg,accuracy,1,1,1
47,Jon,Stewart,JonStewart,0011.jpg,47_Jon_Stewart_0011.jpg,accuracy,1,1,1
48,Jon,Stewart,JonStewart,0013.jpg,48_Jon_Stewart_0013.jpg,accuracy,1,1,1
49,Jon,Stewart,JonStewart,0007.jpg,49_Jon_Stewart_0007.jpg,accuracy,0,0,0
51,Jon,Stewart,JonStewart,0003.jpg,51_Jon_Stewart_0003.jpg,accuracy,1,1,1
42,Brad,Pitt,BradPitt,0007.jpg,42_Brad_Pitt_0007.jpg,accuracy,1,1,1
42,Brad,Pitt,BradPitt,0009.jpg,42_Brad_Pitt_0009.jpg,accuracy,1,1,1
43,Brad,Pitt,BradPitt,0013.jpg,43_Brad_Pitt_0013.jpg,accuracy,1,1,1
44,Brad,Pitt,BradPitt,0001.jpg,44_Brad_Pitt_0001.jpg,accuracy,1,1,1
44,Brad,Pitt,BradPitt,0007.jpg,44_Brad_Pitt_0007.jpg,accuracy,1,1,1
44,Brad,Pitt,BradPitt,0010.jpg,44_Brad_Pitt_0010.jpg,accuracy,1,1,1
47,Brad,Pitt,BradPitt,0005.jpg,47_Brad_Pitt_0005.jpg,accuracy,1,1,1
47,Brad,Pitt,BradPitt,0012.jpg,47_Brad_Pitt_0012.jpg,accuracy,1,1,1
48,Brad,Pitt,BradPitt,0004.jpg,48_Brad_Pitt_0004.jpg,accuracy,1,1,1
48,Brad,Pitt,BradPitt,0007.jpg,48_Brad_Pitt_0007.jpg,accuracy,1,1,1
48,Brad,Pitt,BradPitt,0012.jpg,48_Brad_Pitt_0012.jpg,accuracy,1,1,1
48,Brad,Pitt,BradPitt,0013.jpg,48_Brad_Pitt_0013.jpg,accuracy,1,1,1
49,Brad,Pitt,BradPitt,0006.jpg,49_Brad_Pitt_0006.jpg,accuracy,1,1,1
49,Brad,Pitt,BradPitt,0009.jpg,49_Brad_Pitt_0009.jpg,accuracy,1,1,1
50,Brad,Pitt,BradPitt,0001.jpg,50_Brad_Pitt_0001.jpg,accuracy,1,1,1
50,Brad,Pitt,BradPitt,0005.jpg,50_Brad_Pitt_0005.jpg,accuracy,1,1,1
42,Elisabeth,Shue,ElisabethShue,0001.jpg,42_Elisabeth_Shue_0001.jpg,accuracy,1,1,1
42,Elisabeth,Shue,ElisabethShue,0007.jpg,42_Elisabeth_Shue_0007.jpg,accuracy,1,1,1
42,Elisabeth,Shue,ElisabethShue,0009.jpg,42_Elisabeth_Shue_0009.jpg,accuracy,1,1,1
42,Elisabeth,Shue,ElisabethShue,0016.jpg,42_Elisabeth_Shue_0016.jpg,accuracy,1,1,1
43,Elisabeth,Shue,ElisabethShue,0009.jpg,43_Elisabeth_Shue_0009.jpg,accuracy,1,1,1
44,Elisabeth,Shue,ElisabethShue,0002.jpg,44_Elisabeth_Shue_0002.jpg,accuracy,1,1,1
44,Elisabeth,Shue,ElisabethShue,0005.jpg,44_Elisabeth_Shue_0005.jpg,accuracy,1,1,1
45,Elisabeth,Shue,ElisabethShue,0008.jpg,45_Elisabeth_Shue_0008.jpg,accuracy,1,1,1
45,Elisabeth,Shue,ElisabethShue,0013.jpg,45_Elisabeth_Shue_0013.jpg,accuracy,1,1,1
46,Elisabeth,Shue,ElisabethShue,0010.jpg,46_Elisabeth_Shue_0010.jpg,accuracy,1,1,1
48,Elisabeth,Shue,ElisabethShue,0003.jpg,48_Elisabeth_Shue_0003.jpg,accuracy,1,1,1
41,Helen,Hunt,HelenHunt,0005.jpg,41_Helen_Hunt_0005.jpg,accuracy,1,1,1
41,Helen,Hunt,HelenHunt,0006.jpg,41_Helen_Hunt_0006.jpg,accuracy,0,1,0
44,Helen,Hunt,HelenHunt,0013.jpg,44_Helen_Hunt_0013.jpg,accuracy,1,1,1
44,Helen,Hunt,HelenHunt,0015.jpg,44_Helen_Hunt_0015.jpg,accuracy,0,0,0
45,Helen,Hunt,HelenHunt,0002.jpg,45_Helen_Hunt_0002.jpg,accuracy,1,1,1
45,Helen,Hunt,HelenHunt,0006.jpg,45_Helen_Hunt_0006.jpg,accuracy,1,1,1
46,Helen,Hunt,HelenHunt,0007.jpg,46_Helen_Hunt_0007.jpg,accuracy,1,1,1
46,Helen,Hunt,HelenHunt,0010.jpg,46_Helen_Hunt_0010.jpg,accuracy,1,1,1
47,Helen,Hunt,HelenHunt,0011.jpg,47_Helen_Hunt_0011.jpg,accuracy,1,1,1
48,Helen,Hunt,HelenHunt,0004.jpg,48_Helen_Hunt_0004.jpg,accuracy,1,1,1
49,Helen,Hunt,HelenHunt,0011.jpg,49_Helen_Hunt_0011.jpg,accuracy,1,1,1
50,Helen,Hunt,HelenHunt,0002.jpg,50_Helen_Hunt_0002.jpg,accuracy,1,1,1
44,Mike,Myers,MikeMyers,0014.jpg,44_Mike_Myers_0014.jpg,accuracy,1,1,1
45,Mike,Myers,MikeMyers,0009.jpg,45_Mike_Myers_0009.jpg,accuracy,1,1,1
48,Mike,Myers,MikeMyers,0014.jpg,48_Mike_Myers_0014.jpg,accuracy,1,1,1
50,Mike,Myers,MikeMyers,0002.jpg,50_Mike_Myers_0002.jpg,accuracy,1,1,1
50,Mike,Myers,MikeMyers,0004.jpg,50_Mike_Myers_0004.jpg,accuracy,0,0,0
50,Mike,Myers,MikeMyers,0006.jpg,50_Mike_Myers_0006.jpg,accuracy,1,1,1
43,Jet,Li,JetLi,0002.jpg,43_Jet_Li_0002.jpg,accuracy,1,1,1
43,Jet,Li,JetLi,0003.jpg,43_Jet_Li_0003.jpg,accuracy,1,1,1
43,Jet,Li,JetLi,0013.jpg,43_Jet_Li_0013.jpg,accuracy,1,1,1
45,Jet,Li,JetLi,0010.jpg,45_Jet_Li_0010.jpg,accuracy,1,1,1
46,Jet,Li,JetLi,0010.jpg,46_Jet_Li_0010.jpg,accuracy,1,1,1
48,Jet,Li,JetLi,0004.jpg,48_Jet_Li_0004.jpg,accuracy,1,1,1
49,Jet,Li,JetLi,0008.jpg,49_Jet_Li_0008.jpg,accuracy,1,1,1
41,Natasha,Richardson,NatashaRichardson,0003.jpg,41_Natasha_Richardson_0003.jpg,accuracy,0,1,0
41,Natasha,Richardson,NatashaRichardson,0006.jpg,41_Natasha_Richardson_0006.jpg,accuracy,0,1,0
42,Natasha,Richardson,NatashaRichardson,0003.jpg,42_Natasha_Richardson_0003.jpg,accuracy,1,1,1
44,Natasha,Richardson,NatashaRichardson,0004.jpg,44_Natasha_Richardson_0004.jpg,accuracy,1,1,1
44,Natasha,Richardson,NatashaRichardson,0007.jpg,44_Natasha_Richardson_0007.jpg,accuracy,1,1,1
45,Natasha,Richardson,NatashaRichardson,0002.jpg,45_Natasha_Richardson_0002.jpg,accuracy,1,1,1
46,Natasha,Richardson,NatashaRichardson,0009.jpg,46_Natasha_Richardson_0009.jpg,accuracy,1,1,1
47,Natasha,Richardson,NatashaRichardson,0003.jpg,47_Natasha_Richardson_0003.jpg,accuracy,1,1,1
47,Natasha,Richardson,NatashaRichardson,0015.jpg,47_Natasha_Richardson_0015.jpg,accuracy,0,1,0
49,Natasha,Richardson,NatashaRichardson,0002.jpg,49_Natasha_Richardson_0002.jpg,accuracy,1,1,1
49,Natasha,Richardson,NatashaRichardson,0006.jpg,49_Natasha_Richardson_0006.jpg,accuracy,1,1,1
49,Natasha,Richardson,NatashaRichardson,0011.jpg,49_Natasha_Richardson_0011.jpg,accuracy,1,1,1
50,Natasha,Richardson,NatashaRichardson,0013.jpg,50_Natasha_Richardson_0013.jpg,accuracy,1,1,1
44,John,Stamos,JohnStamos,0005.jpg,44_John_Stamos_0005.jpg,accuracy,1,1,1
45,John,Stamos,JohnStamos,0008.jpg,45_John_Stamos_0008.jpg,accuracy,1,1,1
47,John,Stamos,JohnStamos,0010.jpg,47_John_Stamos_0010.jpg,accuracy,1,1,1
48,John,Stamos,JohnStamos,0006.jpg,48_John_Stamos_0006.jpg,accuracy,1,1,1
50,John,Stamos,JohnStamos,0006.jpg,50_John_Stamos_0006.jpg,accuracy,1,1,1
50,John,Stamos,JohnStamos,0008.jpg,50_John_Stamos_0008.jpg,accuracy,1,1,1
50,John,Stamos,JohnStamos,0009.jpg,50_John_Stamos_0009.jpg,accuracy,1,1,1
50,John,Stamos,JohnStamos,0011.jpg,50_John_Stamos_0011.jpg,accuracy,1,1,1
50,John,Stamos,JohnStamos,0012.jpg,50_John_Stamos_0012.jpg,accuracy,1,1,1
47,Jeanne,Tripplehorn,JeanneTripplehorn,0003.jpg,47_Jeanne_Tripplehorn_0003.jpg,accuracy,1,1,1
47,Jeanne,Tripplehorn,JeanneTripplehorn,0013.jpg,47_Jeanne_Tripplehorn_0013.jpg,accuracy,1,1,1
48,Jeanne,Tripplehorn,JeanneTripplehorn,0005.jpg,48_Jeanne_Tripplehorn_0005.jpg,accuracy,1,1,1
49,Jeanne,Tripplehorn,JeanneTripplehorn,0001.jpg,49_Jeanne_Tripplehorn_0001.jpg,accuracy,1,1,1
50,Jeanne,Tripplehorn,JeanneTripplehorn,0004.jpg,50_Jeanne_Tripplehorn_0004.jpg,accuracy,1,1,1
50,Jeanne,Tripplehorn,JeanneTripplehorn,0008.jpg,50_Jeanne_Tripplehorn_0008.jpg,accuracy,1,1,1
42,Steven,Soderbergh,StevenSoderbergh,0010.jpg,42_Steven_Soderbergh_0010.jpg,accuracy,0,1,0
42,Steven,Soderbergh,StevenSoderbergh,0015.jpg,42_Steven_Soderbergh_0015.jpg,accuracy,1,1,1
50,Steven,Soderbergh,StevenSoderbergh,0004.jpg,50_Steven_Soderbergh_0004.jpg,accuracy,1,1,1
50,Steven,Soderbergh,StevenSoderbergh,0012.jpg,50_Steven_Soderbergh_0012.jpg,accuracy,0,0,0
41,Vanessa,Williams,VanessaWilliams,0010.jpg,41_Vanessa_Williams_0010.jpg,accuracy,1,1,1
41,Vanessa,Williams,VanessaWilliams,0011.jpg,41_Vanessa_Williams_0011.jpg,accuracy,1,1,1
42,Vanessa,Williams,VanessaWilliams,0001.jpg,42_Vanessa_Williams_0001.jpg,accuracy,1,1,1
42,Vanessa,Williams,VanessaWilliams,0007.jpg,42_Vanessa_Williams_0007.jpg,accuracy,0,1,0
43,Vanessa,Williams,VanessaWilliams,0004.jpg,43_Vanessa_Williams_0004.jpg,accuracy,1,1,1
45,Vanessa,Williams,VanessaWilliams,0007.jpg,45_Vanessa_Williams_0007.jpg,accuracy,1,1,1
46,Vanessa,Williams,VanessaWilliams,0014.jpg,46_Vanessa_Williams_0014.jpg,accuracy,1,1,1
47,Vanessa,Williams,VanessaWilliams,0006.jpg,47_Vanessa_Williams_0006.jpg,accuracy,1,1,1
47,Vanessa,Williams,VanessaWilliams,0007.jpg,47_Vanessa_Williams_0007.jpg,accuracy,1,1,1
47,Vanessa,Williams,VanessaWilliams,0009.jpg,47_Vanessa_Williams_0009.jpg,accuracy,1,1,1
47,Vanessa,Williams,VanessaWilliams,0013.jpg,47_Vanessa_Williams_0013.jpg,accuracy,1,1,1
47,Vanessa,Williams,VanessaWilliams,0017.jpg,47_Vanessa_Williams_0017.jpg,accuracy,1,1,1
48,Vanessa,Williams,VanessaWilliams,0006.jpg,48_Vanessa_Williams_0006.jpg,accuracy,1,1,1
48,Vanessa,Williams,VanessaWilliams,0014.jpg,48_Vanessa_Williams_0014.jpg,accuracy,1,1,1
49,Vanessa,Williams,VanessaWilliams,0002.jpg,49_Vanessa_Williams_0002.jpg,accuracy,1,1,1
49,Vanessa,Williams,VanessaWilliams,0011.jpg,49_Vanessa_Williams_0011.jpg,accuracy,1,1,1
50,Vanessa,Williams,VanessaWilliams,0003.jpg,50_Vanessa_Williams_0003.jpg,accuracy,1,1,1
50,Vanessa,Williams,VanessaWilliams,0006.jpg,50_Vanessa_Williams_0006.jpg,accuracy,1,1,1
42,Til,Schweiger,TilSchweiger,0002.jpg,42_Til_Schweiger_0002.jpg,accuracy,1,1,1
42,Til,Schweiger,TilSchweiger,0017.jpg,42_Til_Schweiger_0017.jpg,accuracy,1,1,1
45,Til,Schweiger,TilSchweiger,0010.jpg,45_Til_Schweiger_0010.jpg,accuracy,1,1,1
46,Til,Schweiger,TilSchweiger,0009.jpg,46_Til_Schweiger_0009.jpg,accuracy,1,1,1
47,Til,Schweiger,TilSchweiger,0008.jpg,47_Til_Schweiger_0008.jpg,accuracy,1,1,1
48,Til,Schweiger,TilSchweiger,0013.jpg,48_Til_Schweiger_0013.jpg,accuracy,1,1,1
49,Til,Schweiger,TilSchweiger,0002.jpg,49_Til_Schweiger_0002.jpg,accuracy,1,1,1
49,Til,Schweiger,TilSchweiger,0012.jpg,49_Til_Schweiger_0012.jpg,accuracy,1,1,1
49,Til,Schweiger,TilSchweiger,0018.jpg,49_Til_Schweiger_0018.jpg,accuracy,1,1,1
50,Til,Schweiger,TilSchweiger,0012.jpg,50_Til_Schweiger_0012.jpg,accuracy,1,1,1
50,Til,Schweiger,TilSchweiger,0013.jpg,50_Til_Schweiger_0013.jpg,accuracy,1,1,1
42,Nicollette,Sheridan,NicolletteSheridan,0001.jpg,42_Nicollette_Sheridan_0001.jpg,accuracy,1,1,1
43,Nicollette,Sheridan,NicolletteSheridan,0003.jpg,43_Nicollette_Sheridan_0003.jpg,accuracy,1,1,1
44,Nicollette,Sheridan,NicolletteSheridan,0001.jpg,44_Nicollette_Sheridan_0001.jpg,accuracy,1,1,1
45,Nicollette,Sheridan,NicolletteSheridan,0012.jpg,45_Nicollette_Sheridan_0012.jpg,accuracy,1,1,1
46,Nicollette,Sheridan,NicolletteSheridan,0007.jpg,46_Nicollette_Sheridan_0007.jpg,accuracy,1,1,1
46,Nicollette,Sheridan,NicolletteSheridan,0008.jpg,46_Nicollette_Sheridan_0008.jpg,accuracy,1,1,1
46,Nicollette,Sheridan,NicolletteSheridan,0012.jpg,46_Nicollette_Sheridan_0012.jpg,accuracy,1,1,1
48,Nicollette,Sheridan,NicolletteSheridan,0007.jpg,48_Nicollette_Sheridan_0007.jpg,accuracy,1,1,1
48,Nicollette,Sheridan,NicolletteSheridan,0011.jpg,48_Nicollette_Sheridan_0011.jpg,accuracy,1,1,1
49,Nicollette,Sheridan,NicolletteSheridan,0005.jpg,49_Nicollette_Sheridan_0005.jpg,accuracy,1,1,1
49,Nicollette,Sheridan,NicolletteSheridan,0006.jpg,49_Nicollette_Sheridan_0006.jpg,accuracy,1,1,1
49,Nicollette,Sheridan,NicolletteSheridan,0011.jpg,49_Nicollette_Sheridan_0011.jpg,accuracy,1,1,1
49,Nicollette,Sheridan,NicolletteSheridan,0012.jpg,49_Nicollette_Sheridan_0012.jpg,accuracy,1,1,1
50,Nicollette,Sheridan,NicolletteSheridan,0001.jpg,50_Nicollette_Sheridan_0001.jpg,accuracy,1,1,1
50,Nicollette,Sheridan,NicolletteSheridan,0005.jpg,50_Nicollette_Sheridan_0005.jpg,accuracy,1,1,1
42,Edie,Falco,EdieFalco,0003.jpg,42_Edie_Falco_0003.jpg,accuracy,1,1,1
42,Edie,Falco,EdieFalco,0007.jpg,42_Edie_Falco_0007.jpg,accuracy,1,1,1
43,Edie,Falco,EdieFalco,0003.jpg,43_Edie_Falco_0003.jpg,accuracy,1,1,1
43,Edie,Falco,EdieFalco,0010.jpg,43_Edie_Falco_0010.jpg,accuracy,1,1,1
43,Edie,Falco,EdieFalco,0011.jpg,43_Edie_Falco_0011.jpg,accuracy,1,1,1
43,Edie,Falco,EdieFalco,0012.jpg,43_Edie_Falco_0012.jpg,accuracy,1,1,1
44,Edie,Falco,EdieFalco,0005.jpg,44_Edie_Falco_0005.jpg,accuracy,1,1,1
44,Edie,Falco,EdieFalco,0008.jpg,44_Edie_Falco_0008.jpg,accuracy,1,1,1
46,Edie,Falco,EdieFalco,0003.jpg,46_Edie_Falco_0003.jpg,accuracy,1,1,1
46,Edie,Falco,EdieFalco,0009.jpg,46_Edie_Falco_0009.jpg,accuracy,1,1,1
47,Edie,Falco,EdieFalco,0010.jpg,47_Edie_Falco_0010.jpg,accuracy,1,1,1
47,Edie,Falco,EdieFalco,0011.jpg,47_Edie_Falco_0011.jpg,accuracy,1,1,1
47,Edie,Falco,EdieFalco,0012.jpg,47_Edie_Falco_0012.jpg,accuracy,1,1,1
47,Edie,Falco,EdieFalco,0013.jpg,47_Edie_Falco_0013.jpg,accuracy,1,1,1
49,Edie,Falco,EdieFalco,0003.jpg,49_Edie_Falco_0003.jpg,accuracy,1,1,1
50,Edie,Falco,EdieFalco,0001.jpg,50_Edie_Falco_0001.jpg,accuracy,1,1,1
50,Edie,Falco,EdieFalco,0003.jpg,50_Edie_Falco_0003.jpg,accuracy,1,1,1
50,Edie,Falco,EdieFalco,0014.jpg,50_Edie_Falco_0014.jpg,accuracy,1,1,1
42,Sandra,Bullock,SandraBullock,0011.jpg,42_Sandra_Bullock_0011.jpg,accuracy,1,1,1
43,Sandra,Bullock,SandraBullock,0001.jpg,43_Sandra_Bullock_0001.jpg,accuracy,1,1,1
43,Sandra,Bullock,SandraBullock,0003.jpg,43_Sandra_Bullock_0003.jpg,accuracy,1,1,1
43,Sandra,Bullock,SandraBullock,0004.jpg,43_Sandra_Bullock_0004.jpg,accuracy,1,1,1
43,Sandra,Bullock,SandraBullock,0007.jpg,43_Sandra_Bullock_0007.jpg,accuracy,1,1,1
44,Sandra,Bullock,SandraBullock,0012.jpg,44_Sandra_Bullock_0012.jpg,accuracy,1,1,1
45,Sandra,Bullock,SandraBullock,0011.jpg,45_Sandra_Bullock_0011.jpg,accuracy,1,1,1
46,Sandra,Bullock,SandraBullock,0007.jpg,46_Sandra_Bullock_0007.jpg,accuracy,1,1,1
47,Sandra,Bullock,SandraBullock,0005.jpg,47_Sandra_Bullock_0005.jpg,accuracy,1,1,1
47,Sandra,Bullock,SandraBullock,0011.jpg,47_Sandra_Bullock_0011.jpg,accuracy,1,1,1
48,Sandra,Bullock,SandraBullock,0008.jpg,48_Sandra_Bullock_0008.jpg,accuracy,1,1,1
49,Sandra,Bullock,SandraBullock,0009.jpg,49_Sandra_Bullock_0009.jpg,accuracy,1,1,1
40,Keanu,Reeves,KeanuReeves,0005.jpg,40_Keanu_Reeves_0005.jpg,accuracy,1,1,1
41,Keanu,Reeves,KeanuReeves,0007.jpg,41_Keanu_Reeves_0007.jpg,accuracy,1,1,1
41,Keanu,Reeves,KeanuReeves,0010.jpg,41_Keanu_Reeves_0010.jpg,accuracy,1,1,1
43,Keanu,Reeves,KeanuReeves,0017.jpg,43_Keanu_Reeves_0017.jpg,accuracy,1,1,1
46,Keanu,Reeves,KeanuReeves,0012.jpg,46_Keanu_Reeves_0012.jpg,accuracy,1,1,1
48,Keanu,Reeves,KeanuReeves,0008.jpg,48_Keanu_Reeves_0008.jpg,accuracy,1,1,1
49,Keanu,Reeves,KeanuReeves,0007.jpg,49_Keanu_Reeves_0007.jpg,accuracy,1,1,1
41,Famke,Janssen,FamkeJanssen,0010.jpg,41_Famke_Janssen_0010.jpg,accuracy,1,1,1
41,Famke,Janssen,FamkeJanssen,0014.jpg,41_Famke_Janssen_0014.jpg,accuracy,1,1,1
42,Famke,Janssen,FamkeJanssen,0005.jpg,42_Famke_Janssen_0005.jpg,accuracy,1,1,1
42,Famke,Janssen,FamkeJanssen,0006.jpg,42_Famke_Janssen_0006.jpg,accuracy,1,1,1
44,Famke,Janssen,FamkeJanssen,0002.jpg,44_Famke_Janssen_0002.jpg,accuracy,1,1,1
46,Famke,Janssen,FamkeJanssen,0004.jpg,46_Famke_Janssen_0004.jpg,accuracy,1,1,1
47,Famke,Janssen,FamkeJanssen,0011.jpg,47_Famke_Janssen_0011.jpg,accuracy,1,1,1
48,Famke,Janssen,FamkeJanssen,0002.jpg,48_Famke_Janssen_0002.jpg,accuracy,1,1,1
48,Famke,Janssen,FamkeJanssen,0009.jpg,48_Famke_Janssen_0009.jpg,accuracy,1,1,1
48,Famke,Janssen,FamkeJanssen,0011.jpg,48_Famke_Janssen_0011.jpg,accuracy,1,1,1
48,Famke,Janssen,FamkeJanssen,0013.jpg,48_Famke_Janssen_0013.jpg,accuracy,1,1,1
49,Famke,Janssen,FamkeJanssen,0002.jpg,49_Famke_Janssen_0002.jpg,accuracy,1,1,1
49,Famke,Janssen,FamkeJanssen,0006.jpg,49_Famke_Janssen_0006.jpg,accuracy,1,1,1
49,Famke,Janssen,FamkeJanssen,0012.jpg,49_Famke_Janssen_0012.jpg,accuracy,1,1,1
41,Russell,Crowe,RussellCrowe,0002.jpg,41_Russell_Crowe_0002.jpg,accuracy,1,1,1
41,Russell,Crowe,RussellCrowe,0009.jpg,41_Russell_Crowe_0009.jpg,accuracy,1,1,1
42,Russell,Crowe,RussellCrowe,0006.jpg,42_Russell_Crowe_0006.jpg,accuracy,1,1,1
42,Russell,Crowe,RussellCrowe,0010.jpg,42_Russell_Crowe_0010.jpg,accuracy,1,1,1
42,Russell,Crowe,RussellCrowe,0015.jpg,42_Russell_Crowe_0015.jpg,accuracy,1,1,1
43,Russell,Crowe,RussellCrowe,0004.jpg,43_Russell_Crowe_0004.jpg,accuracy,1,1,1
44,Russell,Crowe,RussellCrowe,0006.jpg,44_Russell_Crowe_0006.jpg,accuracy,1,1,1
44,Russell,Crowe,RussellCrowe,0010.jpg,44_Russell_Crowe_0010.jpg,accuracy,1,1,1
46,Russell,Crowe,RussellCrowe,0013.jpg,46_Russell_Crowe_0013.jpg,accuracy,1,1,1
46,Russell,Crowe,RussellCrowe,0019.jpg,46_Russell_Crowe_0019.jpg,accuracy,1,1,1
48,Russell,Crowe,RussellCrowe,0005.jpg,48_Russell_Crowe_0005.jpg,accuracy,1,1,1
40,Joss,Whedon,JossWhedon,0013.jpg,40_Joss_Whedon_0013.jpg,accuracy,0,0,0
42,Joss,Whedon,JossWhedon,0014.jpg,42_Joss_Whedon_0014.jpg,accuracy,0,0,0
44,Joss,Whedon,JossWhedon,0011.jpg,44_Joss_Whedon_0011.jpg,accuracy,0,0,0
44,Joss,Whedon,JossWhedon,0014.jpg,44_Joss_Whedon_0014.jpg,accuracy,0,0,0
45,Joss,Whedon,JossWhedon,0003.jpg,45_Joss_Whedon_0003.jpg,accuracy,0,0,0
45,Joss,Whedon,JossWhedon,0009.jpg,45_Joss_Whedon_0009.jpg,accuracy,0,0,0
46,Joss,Whedon,JossWhedon,0002.jpg,46_Joss_Whedon_0002.jpg,accuracy,0,0,0
46,Joss,Whedon,JossWhedon,0008.jpg,46_Joss_Whedon_0008.jpg,accuracy,0,0,0
47,Joss,Whedon,JossWhedon,0003.jpg,47_Joss_Whedon_0003.jpg,accuracy,0,0,0
47,Joss,Whedon,JossWhedon,0010.jpg,47_Joss_Whedon_0010.jpg,accuracy,0,0,0
47,Joss,Whedon,JossWhedon,0012.jpg,47_Joss_Whedon_0012.jpg,accuracy,0,0,0
47,Joss,Whedon,JossWhedon,0015.jpg,47_Joss_Whedon_0015.jpg,accuracy,0,0,0
48,Joss,Whedon,JossWhedon,0005.jpg,48_Joss_Whedon_0005.jpg,accuracy,0,0,0
49,Joss,Whedon,JossWhedon,0005.jpg,49_Joss_Whedon_0005.jpg,accuracy,0,0,0
40,David,Morrissey,DavidMorrissey,0016.jpg,40_David_Morrissey_0016.jpg,accuracy,1,1,1
41,David,Morrissey,DavidMorrissey,0001.jpg,41_David_Morrissey_0001.jpg,accuracy,1,1,1
42,David,Morrissey,DavidMorrissey,0007.jpg,42_David_Morrissey_0007.jpg,accuracy,1,1,1
46,David,Morrissey,DavidMorrissey,0014.jpg,46_David_Morrissey_0014.jpg,accuracy,1,1,1
47,David,Morrissey,DavidMorrissey,0005.jpg,47_David_Morrissey_0005.jpg,accuracy,1,1,1
48,David,Morrissey,DavidMorrissey,0012.jpg,48_David_Morrissey_0012.jpg,accuracy,1,1,1
48,David,Morrissey,DavidMorrissey,0013.jpg,48_David_Morrissey_0013.jpg,accuracy,1,1,1
48,David,Morrissey,DavidMorrissey,0014.jpg,48_David_Morrissey_0014.jpg,accuracy,1,1,1
42,Rob,Lowe,RobLowe,0005.jpg,42_Rob_Lowe_0005.jpg,accuracy,1,1,1
44,Rob,Lowe,RobLowe,0001.jpg,44_Rob_Lowe_0001.jpg,accuracy,1,1,1
47,Rob,Lowe,RobLowe,0015.jpg,47_Rob_Lowe_0015.jpg,accuracy,1,1,1
48,Rob,Lowe,RobLowe,0007.jpg,48_Rob_Lowe_0007.jpg,accuracy,1,1,1
49,Rob,Lowe,RobLowe,0016.jpg,49_Rob_Lowe_0016.jpg,accuracy,1,1,1
40,Mariska,Hargitay,MariskaHargitay,0008.jpg,40_Mariska_Hargitay_0008.jpg,accuracy,1,1,1
40,Mariska,Hargitay,MariskaHargitay,0015.jpg,40_Mariska_Hargitay_0015.jpg,accuracy,1,1,1
42,Mariska,Hargitay,MariskaHargitay,0003.jpg,42_Mariska_Hargitay_0003.jpg,accuracy,1,1,1
42,Mariska,Hargitay,MariskaHargitay,0014.jpg,42_Mariska_Hargitay_0014.jpg,accuracy,1,1,1
42,Mariska,Hargitay,MariskaHargitay,0016.jpg,42_Mariska_Hargitay_0016.jpg,accuracy,1,1,1
43,Mariska,Hargitay,MariskaHargitay,0003.jpg,43_Mariska_Hargitay_0003.jpg,accuracy,1,1,1
43,Mariska,Hargitay,MariskaHargitay,0016.jpg,43_Mariska_Hargitay_0016.jpg,accuracy,1,1,1
44,Mariska,Hargitay,MariskaHargitay,0006.jpg,44_Mariska_Hargitay_0006.jpg,accuracy,1,1,1
44,Mariska,Hargitay,MariskaHargitay,0010.jpg,44_Mariska_Hargitay_0010.jpg,accuracy,1,1,1
45,Mariska,Hargitay,MariskaHargitay,0013.jpg,45_Mariska_Hargitay_0013.jpg,accuracy,1,1,1
46,Mariska,Hargitay,MariskaHargitay,0002.jpg,46_Mariska_Hargitay_0002.jpg,accuracy,1,1,1
47,Mariska,Hargitay,MariskaHargitay,0008.jpg,47_Mariska_Hargitay_0008.jpg,accuracy,1,1,1
47,Mariska,Hargitay,MariskaHargitay,0010.jpg,47_Mariska_Hargitay_0010.jpg,accuracy,1,1,1
47,Mariska,Hargitay,MariskaHargitay,0011.jpg,47_Mariska_Hargitay_0011.jpg,accuracy,1,1,1
48,Mariska,Hargitay,MariskaHargitay,0002.jpg,48_Mariska_Hargitay_0002.jpg,accuracy,1,1,1
49,Mariska,Hargitay,MariskaHargitay,0003.jpg,49_Mariska_Hargitay_0003.jpg,accuracy,1,1,1
40,Marisa,Tomei,MarisaTomei,0001.jpg,40_Marisa_Tomei_0001.jpg,accuracy,1,1,1
41,Marisa,Tomei,MarisaTomei,0005.jpg,41_Marisa_Tomei_0005.jpg,accuracy,1,1,1
42,Marisa,Tomei,MarisaTomei,0009.jpg,42_Marisa_Tomei_0009.jpg,accuracy,1,1,1
44,Marisa,Tomei,MarisaTomei,0006.jpg,44_Marisa_Tomei_0006.jpg,accuracy,1,1,1
46,Marisa,Tomei,MarisaTomei,0008.jpg,46_Marisa_Tomei_0008.jpg,accuracy,1,1,1
48,Marisa,Tomei,MarisaTomei,0012.jpg,48_Marisa_Tomei_0012.jpg,accuracy,1,1,1
49,Marisa,Tomei,MarisaTomei,0008.jpg,49_Marisa_Tomei_0008.jpg,accuracy,1,1,1
40,Courteney,Cox,CourteneyCox,0005.jpg,40_Courteney_Cox_0005.jpg,accuracy,1,1,1
41,Courteney,Cox,CourteneyCox,0004.jpg,41_Courteney_Cox_0004.jpg,accuracy,1,1,1
42,Courteney,Cox,CourteneyCox,0001.jpg,42_Courteney_Cox_0001.jpg,accuracy,1,1,1
42,Courteney,Cox,CourteneyCox,0005.jpg,42_Courteney_Cox_0005.jpg,accuracy,1,1,1
43,Courteney,Cox,CourteneyCox,0006.jpg,43_Courteney_Cox_0006.jpg,accuracy,1,1,1
44,Courteney,Cox,CourteneyCox,0008.jpg,44_Courteney_Cox_0008.jpg,accuracy,1,1,1
45,Courteney,Cox,CourteneyCox,0006.jpg,45_Courteney_Cox_0006.jpg,accuracy,1,1,1
45,Courteney,Cox,CourteneyCox,0010.jpg,45_Courteney_Cox_0010.jpg,accuracy,1,1,1
47,Courteney,Cox,CourteneyCox,0011.jpg,47_Courteney_Cox_0011.jpg,accuracy,1,1,1
48,Courteney,Cox,CourteneyCox,0004.jpg,48_Courteney_Cox_0004.jpg,accuracy,1,1,1
48,Courteney,Cox,CourteneyCox,0010.jpg,48_Courteney_Cox_0010.jpg,accuracy,1,1,1
49,Courteney,Cox,CourteneyCox,0005.jpg,49_Courteney_Cox_0005.jpg,accuracy,1,1,1
40,Clive,Owen,CliveOwen,0004.jpg,40_Clive_Owen_0004.jpg,accuracy,1,1,1
40,Clive,Owen,CliveOwen,0010.jpg,40_Clive_Owen_0010.jpg,accuracy,1,1,1
40,Clive,Owen,CliveOwen,0014.jpg,40_Clive_Owen_0014.jpg,accuracy,1,1,1
41,Clive,Owen,CliveOwen,0007.jpg,41_Clive_Owen_0007.jpg,accuracy,1,1,1
43,Clive,Owen,CliveOwen,0010.jpg,43_Clive_Owen_0010.jpg,accuracy,1,1,1
44,Clive,Owen,CliveOwen,0001.jpg,44_Clive_Owen_0001.jpg,accuracy,1,1,1
45,Clive,Owen,CliveOwen,0008.jpg,45_Clive_Owen_0008.jpg,accuracy,1,1,1
45,Clive,Owen,CliveOwen,0012.jpg,45_Clive_Owen_0012.jpg,accuracy,1,1,1
46,Clive,Owen,CliveOwen,0001.jpg,46_Clive_Owen_0001.jpg,accuracy,1,1,1
49,Clive,Owen,CliveOwen,0005.jpg,49_Clive_Owen_0005.jpg,accuracy,1,1,1
49,Clive,Owen,CliveOwen,0011.jpg,49_Clive_Owen_0011.jpg,accuracy,1,1,1
40,Laura,Linney,LauraLinney,0005.jpg,40_Laura_Linney_0005.jpg,accuracy,0,1,0
44,Laura,Linney,LauraLinney,0001.jpg,44_Laura_Linney_0001.jpg,accuracy,1,1,1
45,Laura,Linney,LauraLinney,0004.jpg,45_Laura_Linney_0004.jpg,accuracy,1,1,1
45,Laura,Linney,LauraLinney,0007.jpg,45_Laura_Linney_0007.jpg,accuracy,1,1,1
48,Laura,Linney,LauraLinney,0007.jpg,48_Laura_Linney_0007.jpg,accuracy,1,1,1
49,Laura,Linney,LauraLinney,0008.jpg,49_Laura_Linney_0008.jpg,accuracy,1,1,1
40,Christopher,Eccleston,ChristopherEccleston,0001.jpg,40_Christopher_Eccleston_0001.jpg,accuracy,1,1,1
40,Christopher,Eccleston,ChristopherEccleston,0005.jpg,40_Christopher_Eccleston_0005.jpg,accuracy,1,1,1
40,Christopher,Eccleston,ChristopherEccleston,0007.jpg,40_Christopher_Eccleston_0007.jpg,accuracy,0,1,0
41,Christopher,Eccleston,ChristopherEccleston,0017.jpg,41_Christopher_Eccleston_0017.jpg,accuracy,1,1,1
42,Christopher,Eccleston,ChristopherEccleston,0001.jpg,42_Christopher_Eccleston_0001.jpg,accuracy,1,1,1
43,Christopher,Eccleston,ChristopherEccleston,0002.jpg,43_Christopher_Eccleston_0002.jpg,accuracy,1,1,1
43,Christopher,Eccleston,ChristopherEccleston,0012.jpg,43_Christopher_Eccleston_0012.jpg,accuracy,1,1,1
45,Christopher,Eccleston,ChristopherEccleston,0009.jpg,45_Christopher_Eccleston_0009.jpg,accuracy,0,1,0
46,Christopher,Eccleston,ChristopherEccleston,0004.jpg,46_Christopher_Eccleston_0004.jpg,accuracy,1,1,1
46,Christopher,Eccleston,ChristopherEccleston,0005.jpg,46_Christopher_Eccleston_0005.jpg,accuracy,1,1,1
46,Christopher,Eccleston,ChristopherEccleston,0009.jpg,46_Christopher_Eccleston_0009.jpg,accuracy,0,1,0
46,Christopher,Eccleston,ChristopherEccleston,0017.jpg,46_Christopher_Eccleston_0017.jpg,accuracy,1,1,1
47,Christopher,Eccleston,ChristopherEccleston,0002.jpg,47_Christopher_Eccleston_0002.jpg,accuracy,1,1,1
47,Christopher,Eccleston,ChristopherEccleston,0003.jpg,47_Christopher_Eccleston_0003.jpg,accuracy,0,1,0
47,Christopher,Eccleston,ChristopherEccleston,0013.jpg,47_Christopher_Eccleston_0013.jpg,accuracy,1,1,1
48,Christopher,Eccleston,ChristopherEccleston,0003.jpg,48_Christopher_Eccleston_0003.jpg,accuracy,1,1,1
48,Christopher,Eccleston,ChristopherEccleston,0005.jpg,48_Christopher_Eccleston_0005.jpg,accuracy,1,1,1
48,Christopher,Eccleston,ChristopherEccleston,0007.jpg,48_Christopher_Eccleston_0007.jpg,accuracy,1,1,1
49,Christopher,Eccleston,ChristopherEccleston,0001.jpg,49_Christopher_Eccleston_0001.jpg,accuracy,1,1,1
49,Christopher,Eccleston,ChristopherEccleston,0009.jpg,49_Christopher_Eccleston_0009.jpg,accuracy,1,1,1
40,Juliette,Binoche,JulietteBinoche,0001.jpg,40_Juliette_Binoche_0001.jpg,accuracy,1,1,1
40,Juliette,Binoche,JulietteBinoche,0015.jpg,40_Juliette_Binoche_0015.jpg,accuracy,1,1,1
46,Juliette,Binoche,JulietteBinoche,0008.jpg,46_Juliette_Binoche_0008.jpg,accuracy,1,1,1
46,Juliette,Binoche,JulietteBinoche,0014.jpg,46_Juliette_Binoche_0014.jpg,accuracy,1,1,1
48,Juliette,Binoche,JulietteBinoche,0004.jpg,48_Juliette_Binoche_0004.jpg,accuracy,1,1,1
48,Juliette,Binoche,JulietteBinoche,0009.jpg,48_Juliette_Binoche_0009.jpg,accuracy,1,1,1
48,Juliette,Binoche,JulietteBinoche,0011.jpg,48_Juliette_Binoche_0011.jpg,accuracy,1,1,1
40,Teri,Hatcher,TeriHatcher,0001.jpg,40_Teri_Hatcher_0001.jpg,accuracy,1,1,1
42,Teri,Hatcher,TeriHatcher,0004.jpg,42_Teri_Hatcher_0004.jpg,accuracy,1,1,1
42,Teri,Hatcher,TeriHatcher,0010.jpg,42_Teri_Hatcher_0010.jpg,accuracy,1,1,1
43,Teri,Hatcher,TeriHatcher,0001.jpg,43_Teri_Hatcher_0001.jpg,accuracy,1,1,1
45,Teri,Hatcher,TeriHatcher,0011.jpg,45_Teri_Hatcher_0011.jpg,accuracy,1,1,1
46,Teri,Hatcher,TeriHatcher,0014.jpg,46_Teri_Hatcher_0014.jpg,accuracy,1,1,1
47,Teri,Hatcher,TeriHatcher,0002.jpg,47_Teri_Hatcher_0002.jpg,accuracy,1,1,1
47,Teri,Hatcher,TeriHatcher,0008.jpg,47_Teri_Hatcher_0008.jpg,accuracy,1,1,1
48,Teri,Hatcher,TeriHatcher,0002.jpg,48_Teri_Hatcher_0002.jpg,accuracy,1,1,1
48,Teri,Hatcher,TeriHatcher,0010.jpg,48_Teri_Hatcher_0010.jpg,accuracy,1,1,1
49,Teri,Hatcher,TeriHatcher,0014.jpg,49_Teri_Hatcher_0014.jpg,accuracy,1,1,1
40,Calista,Flockhart,CalistaFlockhart,0006.jpg,40_Calista_Flockhart_0006.jpg,accuracy,1,1,1
41,Calista,Flockhart,CalistaFlockhart,0011.jpg,41_Calista_Flockhart_0011.jpg,accuracy,1,1,1
42,Calista,Flockhart,CalistaFlockhart,0003.jpg,42_Calista_Flockhart_0003.jpg,accuracy,1,1,1
43,Calista,Flockhart,CalistaFlockhart,0005.jpg,43_Calista_Flockhart_0005.jpg,accuracy,1,1,1
47,Calista,Flockhart,CalistaFlockhart,0003.jpg,47_Calista_Flockhart_0003.jpg,accuracy,1,1,1
47,Calista,Flockhart,CalistaFlockhart,0006.jpg,47_Calista_Flockhart_0006.jpg,accuracy,1,1,1
47,Calista,Flockhart,CalistaFlockhart,0010.jpg,47_Calista_Flockhart_0010.jpg,accuracy,1,1,1
48,Calista,Flockhart,CalistaFlockhart,0009.jpg,48_Calista_Flockhart_0009.jpg,accuracy,0,1,0
48,Calista,Flockhart,CalistaFlockhart,0013.jpg,48_Calista_Flockhart_0013.jpg,accuracy,0,1,0
49,Calista,Flockhart,CalistaFlockhart,0004.jpg,49_Calista_Flockhart_0004.jpg,accuracy,1,1,1
49,Calista,Flockhart,CalistaFlockhart,0008.jpg,49_Calista_Flockhart_0008.jpg,accuracy,1,1,1
41,Charlie,Sheen,CharlieSheen,0011.jpg,41_Charlie_Sheen_0011.jpg,accuracy,1,1,1
43,Charlie,Sheen,CharlieSheen,0007.jpg,43_Charlie_Sheen_0007.jpg,accuracy,1,1,1
43,Charlie,Sheen,CharlieSheen,0015.jpg,43_Charlie_Sheen_0015.jpg,accuracy,1,1,1
44,Charlie,Sheen,CharlieSheen,0001.jpg,44_Charlie_Sheen_0001.jpg,accuracy,1,1,1
44,Charlie,Sheen,CharlieSheen,0010.jpg,44_Charlie_Sheen_0010.jpg,accuracy,1,1,1
45,Charlie,Sheen,CharlieSheen,0001.jpg,45_Charlie_Sheen_0001.jpg,accuracy,1,1,1
46,Charlie,Sheen,CharlieSheen,0008.jpg,46_Charlie_Sheen_0008.jpg,accuracy,1,1,1
46,Charlie,Sheen,CharlieSheen,0010.jpg,46_Charlie_Sheen_0010.jpg,accuracy,1,1,1
48,Charlie,Sheen,CharlieSheen,0002.jpg,48_Charlie_Sheen_0002.jpg,accuracy,1,1,1
48,Sarah,Jessica,SarahJessicaParker,0001.jpg,39_Sarah_Jessica_Parker_0005.jpg,accuracy,1,1,1
41,Sarah,Jessica,SarahJessicaParker,0002.jpg,41_Sarah_Jessica_Parker_0002.jpg,accuracy,1,1,1
44,Sarah,Jessica,SarahJessicaParker,0002.jpg,41_Sarah_Jessica_Parker_0014.jpg,accuracy,1,1,1
45,Sarah,Jessica,SarahJessicaParker,0002.jpg,42_Sarah_Jessica_Parker_0017.jpg,accuracy,1,1,1
39,Sarah,Jessica,SarahJessicaParker,0005.jpg,44_Sarah_Jessica_Parker_0002.jpg,accuracy,1,1,1
46,Sarah,Jessica,SarahJessicaParker,0007.jpg,44_Sarah_Jessica_Parker_0013.jpg,accuracy,1,1,1
48,Sarah,Jessica,SarahJessicaParker,0011.jpg,45_Sarah_Jessica_Parker_0002.jpg,accuracy,1,1,1
44,Sarah,Jessica,SarahJessicaParker,0013.jpg,46_Sarah_Jessica_Parker_0007.jpg,accuracy,1,1,1
41,Sarah,Jessica,SarahJessicaParker,0014.jpg,48_Sarah_Jessica_Parker_0001.jpg,accuracy,1,1,1
42,Sarah,Jessica,SarahJessicaParker,0017.jpg,48_Sarah_Jessica_Parker_0011.jpg,accuracy,1,1,1
39,Elizabeth,Hurley,ElizabethHurley,0005.jpg,39_Elizabeth_Hurley_0005.jpg,accuracy,1,1,1
40,Elizabeth,Hurley,ElizabethHurley,0004.jpg,40_Elizabeth_Hurley_0004.jpg,accuracy,1,1,1
40,Elizabeth,Hurley,ElizabethHurley,0009.jpg,40_Elizabeth_Hurley_0009.jpg,accuracy,1,1,1
41,Elizabeth,Hurley,ElizabethHurley,0008.jpg,41_Elizabeth_Hurley_0008.jpg,accuracy,1,1,1
42,Elizabeth,Hurley,ElizabethHurley,0005.jpg,42_Elizabeth_Hurley_0005.jpg,accuracy,1,1,1
43,Elizabeth,Hurley,ElizabethHurley,0012.jpg,43_Elizabeth_Hurley_0012.jpg,accuracy,0,1,0
44,Elizabeth,Hurley,ElizabethHurley,0001.jpg,44_Elizabeth_Hurley_0001.jpg,accuracy,1,1,1
44,Elizabeth,Hurley,ElizabethHurley,0016.jpg,44_Elizabeth_Hurley_0016.jpg,accuracy,1,1,1
46,Elizabeth,Hurley,ElizabethHurley,0007.jpg,46_Elizabeth_Hurley_0007.jpg,accuracy,1,1,1
46,Elizabeth,Hurley,ElizabethHurley,0008.jpg,46_Elizabeth_Hurley_0008.jpg,accuracy,1,1,1
48,Elizabeth,Hurley,ElizabethHurley,0002.jpg,48_Elizabeth_Hurley_0002.jpg,accuracy,1,1,1
48,Elizabeth,Hurley,ElizabethHurley,0008.jpg,48_Elizabeth_Hurley_0008.jpg,accuracy,1,1,1
40,Brooke,Shields,BrookeShields,0006.jpg,40_Brooke_Shields_0006.jpg,accuracy,1,1,1
41,Brooke,Shields,BrookeShields,0005.jpg,41_Brooke_Shields_0005.jpg,accuracy,1,1,1
41,Brooke,Shields,BrookeShields,0008.jpg,41_Brooke_Shields_0008.jpg,accuracy,1,1,1
42,Brooke,Shields,BrookeShields,0011.jpg,42_Brooke_Shields_0011.jpg,accuracy,1,1,1
45,Brooke,Shields,BrookeShields,0010.jpg,45_Brooke_Shields_0010.jpg,accuracy,1,1,1
45,Brooke,Shields,BrookeShields,0014.jpg,45_Brooke_Shields_0014.jpg,accuracy,1,1,1
46,Brooke,Shields,BrookeShields,0001.jpg,46_Brooke_Shields_0001.jpg,accuracy,1,1,1
46,Brooke,Shields,BrookeShields,0006.jpg,46_Brooke_Shields_0006.jpg,accuracy,1,1,1
46,Brooke,Shields,BrookeShields,0014.jpg,46_Brooke_Shields_0014.jpg,accuracy,1,1,1
47,Brooke,Shields,BrookeShields,0007.jpg,47_Brooke_Shields_0007.jpg,accuracy,1,1,1
47,Brooke,Shields,BrookeShields,0009.jpg,47_Brooke_Shields_0009.jpg,accuracy,1,1,1
48,Brooke,Shields,BrookeShields,0001.jpg,48_Brooke_Shields_0001.jpg,accuracy,1,1,1
48,Brooke,Shields,BrookeShields,0004.jpg,48_Brooke_Shields_0004.jpg,accuracy,1,1,1
39,Viola,Davis,ViolaDavis,0017.jpg,39_Viola_Davis_0017.jpg,accuracy,1,1,1
41,Viola,Davis,ViolaDavis,0008.jpg,41_Viola_Davis_0008.jpg,accuracy,1,1,1
42,Viola,Davis,ViolaDavis,0006.jpg,42_Viola_Davis_0006.jpg,accuracy,1,1,1
42,Viola,Davis,ViolaDavis,0010.jpg,42_Viola_Davis_0010.jpg,accuracy,1,1,1
42,Viola,Davis,ViolaDavis,0016.jpg,42_Viola_Davis_0016.jpg,accuracy,1,1,1
43,Viola,Davis,ViolaDavis,0001.jpg,43_Viola_Davis_0001.jpg,accuracy,1,1,1
43,Viola,Davis,ViolaDavis,0007.jpg,43_Viola_Davis_0007.jpg,accuracy,1,1,1
44,Viola,Davis,ViolaDavis,0012.jpg,44_Viola_Davis_0012.jpg,accuracy,1,1,1
46,Viola,Davis,ViolaDavis,0001.jpg,46_Viola_Davis_0001.jpg,accuracy,1,1,1
47,Viola,Davis,ViolaDavis,0005.jpg,47_Viola_Davis_0005.jpg,accuracy,1,1,1
48,Viola,Davis,ViolaDavis,0002.jpg,48_Viola_Davis_0002.jpg,accuracy,1,1,1
48,Viola,Davis,ViolaDavis,0014.jpg,48_Viola_Davis_0014.jpg,accuracy,1,1,1
48,Viola,Davis,ViolaDavis,0015.jpg,48_Viola_Davis_0015.jpg,accuracy,1,1,1
40,Kevin,James,KevinJames,0002.jpg,40_Kevin_James_0002.jpg,accuracy,1,1,1
42,Kevin,James,KevinJames,0003.jpg,42_Kevin_James_0003.jpg,accuracy,1,1,1
43,Kevin,James,KevinJames,0004.jpg,43_Kevin_James_0004.jpg,accuracy,0,1,0
44,Kevin,James,KevinJames,0012.jpg,44_Kevin_James_0012.jpg,accuracy,0,1,0
45,Kevin,James,KevinJames,0010.jpg,45_Kevin_James_0010.jpg,accuracy,1,1,1
45,Kevin,James,KevinJames,0013.jpg,45_Kevin_James_0013.jpg,accuracy,0,0,0
45,Kevin,James,KevinJames,0015.jpg,45_Kevin_James_0015.jpg,accuracy,0,1,0
45,Kevin,James,KevinJames,0016.jpg,45_Kevin_James_0016.jpg,accuracy,0,1,0
46,Kevin,James,KevinJames,0004.jpg,46_Kevin_James_0004.jpg,accuracy,0,1,0
46,Kevin,James,KevinJames,0009.jpg,46_Kevin_James_0009.jpg,accuracy,1,1,1
47,Kevin,James,KevinJames,0003.jpg,47_Kevin_James_0003.jpg,accuracy,1,1,1
48,Kevin,James,KevinJames,0001.jpg,48_Kevin_James_0001.jpg,accuracy,1,1,1
48,Kevin,James,KevinJames,0003.jpg,48_Kevin_James_0003.jpg,accuracy,1,1,1
39,Amanda,Tapping,AmandaTapping,0001.jpg,39_Amanda_Tapping_0001.jpg,accuracy,1,1,1
39,Amanda,Tapping,AmandaTapping,0013.jpg,39_Amanda_Tapping_0013.jpg,accuracy,1,1,1
40,Amanda,Tapping,AmandaTapping,0012.jpg,40_Amanda_Tapping_0012.jpg,accuracy,1,1,1
42,Amanda,Tapping,AmandaTapping,0001.jpg,42_Amanda_Tapping_0001.jpg,accuracy,1,1,1
42,Amanda,Tapping,AmandaTapping,0007.jpg,42_Amanda_Tapping_0007.jpg,accuracy,1,1,1
43,Amanda,Tapping,AmandaTapping,0012.jpg,43_Amanda_Tapping_0012.jpg,accuracy,1,1,1
44,Amanda,Tapping,AmandaTapping,0007.jpg,44_Amanda_Tapping_0007.jpg,accuracy,1,1,1
44,Amanda,Tapping,AmandaTapping,0018.jpg,44_Amanda_Tapping_0018.jpg,accuracy,1,1,1
46,Amanda,Tapping,AmandaTapping,0004.jpg,46_Amanda_Tapping_0004.jpg,accuracy,1,1,1
46,Amanda,Tapping,AmandaTapping,0009.jpg,46_Amanda_Tapping_0009.jpg,accuracy,1,1,1
47,Amanda,Tapping,AmandaTapping,0010.jpg,47_Amanda_Tapping_0010.jpg,accuracy,1,1,1
47,Amanda,Tapping,AmandaTapping,0016.jpg,47_Amanda_Tapping_0016.jpg,accuracy,1,1,1
48,Amanda,Tapping,AmandaTapping,0004.jpg,48_Amanda_Tapping_0004.jpg,accuracy,1,1,1
48,Amanda,Tapping,AmandaTapping,0012.jpg,48_Amanda_Tapping_0012.jpg,accuracy,1,1,1
39,John,C.,JohnC._Reilly,0001.jpg,39_John_C._Reilly_0001.jpg,accuracy,1,1,1
40,John,C.,JohnC._Reilly,0012.jpg,40_John_C._Reilly_0012.jpg,accuracy,0,0,0
41,John,C.,JohnC._Reilly,0009.jpg,41_John_C._Reilly_0009.jpg,accuracy,1,1,1
43,John,C.,JohnC._Reilly,0002.jpg,43_John_C._Reilly_0002.jpg,accuracy,1,1,1
43,John,C.,JohnC._Reilly,0012.jpg,43_John_C._Reilly_0012.jpg,accuracy,1,1,1
44,John,C.,JohnC._Reilly,0003.jpg,44_John_C._Reilly_0003.jpg,accuracy,1,1,1
46,John,C.,JohnC._Reilly,0004.jpg,46_John_C._Reilly_0004.jpg,accuracy,1,1,1
47,John,C.,JohnC._Reilly,0012.jpg,47_John_C._Reilly_0012.jpg,accuracy,1,1,1
48,John,C.,JohnC._Reilly,0001.jpg,48_John_C._Reilly_0001.jpg,accuracy,1,1,1
41,Steve,Coogan,SteveCoogan,0002.jpg,41_Steve_Coogan_0002.jpg,accuracy,1,1,1
41,Steve,Coogan,SteveCoogan,0015.jpg,41_Steve_Coogan_0015.jpg,accuracy,1,1,1
43,Steve,Coogan,SteveCoogan,0016.jpg,43_Steve_Coogan_0016.jpg,accuracy,1,1,1
44,Steve,Coogan,SteveCoogan,0005.jpg,44_Steve_Coogan_0005.jpg,accuracy,1,1,1
44,Steve,Coogan,SteveCoogan,0010.jpg,44_Steve_Coogan_0010.jpg,accuracy,1,1,1
45,Steve,Coogan,SteveCoogan,0011.jpg,45_Steve_Coogan_0011.jpg,accuracy,1,1,1
46,Steve,Coogan,SteveCoogan,0012.jpg,46_Steve_Coogan_0012.jpg,accuracy,1,1,1
48,Steve,Coogan,SteveCoogan,0001.jpg,48_Steve_Coogan_0001.jpg,accuracy,1,1,1
48,Steve,Coogan,SteveCoogan,0009.jpg,48_Steve_Coogan_0009.jpg,accuracy,1,1,1
48,Steve,Coogan,SteveCoogan,0013.jpg,48_Steve_Coogan_0013.jpg,accuracy,0,1,0
40,Jeremy,Piven,JeremyPiven,0009.jpg,40_Jeremy_Piven_0009.jpg,accuracy,1,1,1
40,Jeremy,Piven,JeremyPiven,0012.jpg,40_Jeremy_Piven_0012.jpg,accuracy,0,1,0
40,Jeremy,Piven,JeremyPiven,0015.jpg,40_Jeremy_Piven_0015.jpg,accuracy,1,1,1
42,Jeremy,Piven,JeremyPiven,0006.jpg,42_Jeremy_Piven_0006.jpg,accuracy,0,1,0
42,Jeremy,Piven,JeremyPiven,0015.jpg,42_Jeremy_Piven_0015.jpg,accuracy,1,1,1
43,Jeremy,Piven,JeremyPiven,0003.jpg,43_Jeremy_Piven_0003.jpg,accuracy,0,1,0
45,Jeremy,Piven,JeremyPiven,0006.jpg,45_Jeremy_Piven_0006.jpg,accuracy,0,1,0
45,Jeremy,Piven,JeremyPiven,0009.jpg,45_Jeremy_Piven_0009.jpg,accuracy,1,1,1
46,Jeremy,Piven,JeremyPiven,0002.jpg,46_Jeremy_Piven_0002.jpg,accuracy,1,1,1
46,Jeremy,Piven,JeremyPiven,0008.jpg,46_Jeremy_Piven_0008.jpg,accuracy,1,1,1
47,Jeremy,Piven,JeremyPiven,0014.jpg,47_Jeremy_Piven_0014.jpg,accuracy,1,1,1
48,Jeremy,Piven,JeremyPiven,0003.jpg,48_Jeremy_Piven_0003.jpg,accuracy,1,1,1
41,Maura,Tierney,MauraTierney,0002.jpg,41_Maura_Tierney_0002.jpg,accuracy,1,1,1
43,Maura,Tierney,MauraTierney,0014.jpg,43_Maura_Tierney_0014.jpg,accuracy,1,1,1
46,Maura,Tierney,MauraTierney,0003.jpg,46_Maura_Tierney_0003.jpg,accuracy,1,1,1
46,Maura,Tierney,MauraTierney,0011.jpg,46_Maura_Tierney_0011.jpg,accuracy,1,1,1
46,Maura,Tierney,MauraTierney,0015.jpg,46_Maura_Tierney_0015.jpg,accuracy,1,1,1
48,Maura,Tierney,MauraTierney,0007.jpg,48_Maura_Tierney_0007.jpg,accuracy,0,0,0
40,Ryan,Murphy,RyanMurphy,0014.jpg,40_Ryan_Murphy_0014.jpg,accuracy,0,0,0
42,Ryan,Murphy,RyanMurphy,0013.jpg,42_Ryan_Murphy_0013.jpg,accuracy,1,1,1
43,Ryan,Murphy,RyanMurphy,0007.jpg,43_Ryan_Murphy_0007.jpg,accuracy,0,1,0
45,Ryan,Murphy,RyanMurphy,0006.jpg,45_Ryan_Murphy_0006.jpg,accuracy,1,1,1
45,Ryan,Murphy,RyanMurphy,0007.jpg,45_Ryan_Murphy_0007.jpg,accuracy,1,1,1
46,Ryan,Murphy,RyanMurphy,0003.jpg,46_Ryan_Murphy_0003.jpg,accuracy,1,1,1
47,Ryan,Murphy,RyanMurphy,0005.jpg,47_Ryan_Murphy_0005.jpg,accuracy,1,1,1
47,Ryan,Murphy,RyanMurphy,0009.jpg,47_Ryan_Murphy_0009.jpg,accuracy,0,1,0
48,Ryan,Murphy,RyanMurphy,0002.jpg,48_Ryan_Murphy_0002.jpg,accuracy,1,1,1
48,Ryan,Murphy,RyanMurphy,0004.jpg,48_Ryan_Murphy_0004.jpg,accuracy,0,1,0
